#,Name,Team,G,PA,AB,H,HR,R,BB,HBP,OBP,SLG,wOBA,wRC+,ADP
1,Aaron Judge,NYY,145,638,518,149,49,105,109,6,0.414,0.618,0.426,179,1.9
2,Cal Raleigh,SEA,149,619,534,125,43,87,73,6,0.331,0.523,0.359,139,18.7
3,Shohei Ohtani,LAD,149,660,560,159,46,122,90,5,0.385,0.6,0.409,166,1.3
4,Juan Soto,NYM,155,678,547,146,37,107,122,4,0.402,0.518,0.393,158,4.7
5,Bobby Witt Jr.,KCR,151,659,599,170,27,100,48,6,0.341,0.502,0.358,128,3.1
6,Julio Rodríguez,SEA,152,660,599,166,30,96,48,9,0.338,0.486,0.352,134,9.5
7,Gunnar Henderson,BAL,152,660,583,157,27,97,65,6,0.345,0.479,0.353,129,12.5
8,José Ramírez,CLE,151,649,576,160,29,94,61,4,0.348,0.499,0.355,130,6.3
9,Francisco Lindor,NYM,142,628,553,143,27,88,54,10,0.333,0.461,0.342,123,25.4
10,Corey Seager,TEX,123,526,454,125,27,70,59,5,0.362,0.511,0.369,140,95.1
11,William Contreras,MIL,144,600,523,138,19,72,67,5,0.351,0.427,0.339,119,56.6
12,Kyle Tucker,LAD,143,620,528,144,29,96,82,4,0.371,0.502,0.372,141,13.1
13,Yordan Alvarez,HOU,131,559,476,141,30,83,70,8,0.391,0.553,0.397,159,33.4
14,Ketel Marte,ARI,140,612,533,146,28,85,67,6,0.358,0.497,0.365,135,32.6
15,Corbin Carroll,ARI,139,606,527,137,25,98,64,8,0.346,0.488,0.357,129,14.1
16,Fernando Tatis Jr.,SDP,149,648,567,151,27,96,70,6,0.352,0.471,0.354,132,14
17,Ronald Acuña Jr.,ATL,144,629,533,146,28,100,83,8,0.379,0.487,0.374,141,5.3
18,Junior Caminero,TBR,149,636,584,159,37,83,41,5,0.322,0.508,0.352,126,16.5
19,Mookie Betts,LAD,143,622,544,146,22,85,64,6,0.347,0.454,0.346,123,60.6
20,Vladimir Guerrero Jr.,TOR,153,663,578,169,27,92,73,7,0.376,0.49,0.371,141,18
21,Trea Turner,PHI,143,627,572,163,19,86,39,5,0.333,0.448,0.338,115,26.8
22,Willy Adames,SFG,152,649,568,134,28,83,68,4,0.32,0.436,0.327,112,133.9
23,Wyatt Langford,TEX,143,613,533,133,23,85,70,6,0.342,0.444,0.341,121,37.8
24,Will Smith,LAD,124,497,424,110,20,68,57,9,0.356,0.46,0.352,127,95.7
25,Elly De La Cruz,CIN,149,640,574,148,23,94,57,3,0.326,0.446,0.331,108,8.4
26,Adley Rutschman,BAL,138,559,489,122,17,65,61,4,0.335,0.41,0.325,110,148.9
27,Alejandro Kirk,TOR,122,484,428,113,13,55,46,5,0.338,0.403,0.324,108,160.3
28,Zach Neto,LAA,148,634,568,141,27,85,43,16,0.317,0.449,0.33,111,32.3
29,Jazz Chisholm Jr.,NYY,140,585,520,124,30,88,55,5,0.315,0.459,0.332,115,19.5
30,Geraldo Perdomo,ARI,151,649,551,143,14,83,73,7,0.35,0.395,0.329,110,76.8
31,Shea Langeliers,ATH,128,525,478,123,30,73,39,4,0.317,0.508,0.35,123,54
32,Nick Kurtz,ATH,143,579,499,128,37,88,72,4,0.353,0.537,0.377,141,19.9
33,Matt Chapman,SFG,145,614,534,127,24,81,69,6,0.329,0.432,0.331,115,163.6
34,Pete Crow-Armstrong,CHC,147,619,563,139,23,88,35,8,0.298,0.44,0.316,104,32.9
35,Jackson Merrill,SDP,143,606,555,149,22,76,41,3,0.319,0.456,0.332,117,70.8
36,Jeremy Peña,HOU,137,590,538,148,17,76,34,10,0.327,0.425,0.327,110,123
37,Bryce Harper,PHI,140,607,522,143,26,84,75,5,0.367,0.49,0.366,135,47.9
38,Jacob Wilson,ATH,137,575,531,161,11,70,30,6,0.346,0.425,0.336,113,196.4
39,Austin Riley,ATL,148,633,571,147,27,81,49,9,0.323,0.46,0.337,116,59.4
40,Alex Bregman,CHC,149,641,564,142,22,76,64,8,0.333,0.422,0.329,113,119.2
41,Kyle Schwarber,PHI,150,657,549,127,43,96,97,7,0.352,0.508,0.367,136,24.7
42,Byron Buxton,MIN,122,525,471,118,29,76,41,9,0.319,0.498,0.348,123,73.5
43,Jackson Chourio,MIL,145,629,579,158,23,83,40,4,0.322,0.462,0.336,116,19.4
44,Manny Machado,SDP,147,629,569,148,26,79,51,2,0.321,0.447,0.329,115,37.5
45,Xander Bogaerts,SDP,137,569,506,134,13,70,45,5,0.328,0.398,0.317,107,237.2
46,Riley Greene,DET,148,630,563,144,29,84,57,5,0.328,0.471,0.343,120,78.5
47,Maikel Garcia,KCR,150,640,576,153,13,82,53,2,0.327,0.402,0.318,100,63.2
48,Bo Bichette,NYM,138,602,558,160,16,74,35,4,0.332,0.433,0.331,115,92.9
49,Rafael Devers,SFG,150,651,557,140,31,85,83,6,0.352,0.47,0.351,129,61.6
50,Patrick Bailey,CLE,127,474,429,92,9,44,35,3,0.277,0.322,0.266,70,747.9
51,Austin Wells,NYY,117,441,395,85,17,49,37,5,0.288,0.396,0.297,90,246.1
52,Gabriel Moreno,ARI,109,425,379,104,10,51,38,4,0.343,0.412,0.329,110,181.2
53,Pete Alonso,BAL,153,655,575,143,36,87,62,13,0.332,0.485,0.349,126,24.4
54,Brendan Donovan,SEA,133,569,504,134,12,65,50,10,0.34,0.395,0.323,113,268.6
55,Taylor Ward,BAL,148,630,552,135,27,81,66,7,0.329,0.444,0.335,117,148.4
56,Hunter Goodman,COL,137,555,511,130,29,70,34,6,0.306,0.488,0.338,103,67.4
57,Carlos Correa,HOU,129,546,485,130,17,65,49,3,0.336,0.424,0.331,113,281.2
58,Brent Rooker,ATH,150,639,566,150,33,89,59,8,0.341,0.5,0.359,129,42.1
59,Gleyber Torres,DET,147,631,549,141,17,76,71,4,0.343,0.401,0.328,110,261.5
60,Dansby Swanson,CHC,153,630,565,135,21,77,50,4,0.303,0.4,0.306,97,152.3
61,Randy Arozarena,SEA,151,651,564,132,23,88,66,17,0.33,0.409,0.325,115,89.4
62,Luke Keaschall,MIN,126,534,474,129,12,69,46,9,0.344,0.411,0.33,111,114.8
63,Roman Anthony,BOS,141,610,530,138,18,78,71,5,0.352,0.428,0.341,115,50.8
64,James Wood,WSN,146,630,550,143,25,84,73,4,0.349,0.456,0.347,123,37.8
65,Steven Kwan,CLE,146,638,568,155,8,74,57,5,0.343,0.373,0.316,104,169.6
66,Andy Pages,LAD,140,574,525,133,24,76,36,8,0.309,0.449,0.325,109,133.4
67,Nico Hoerner,CHC,146,608,556,153,7,74,37,9,0.329,0.369,0.307,98,101.9
68,Mike Trout,LAA,118,502,424,102,27,67,68,7,0.352,0.478,0.356,128,178.4
69,Francisco Alvarez,NYM,111,427,381,85,18,49,37,6,0.299,0.406,0.306,99,165.3
70,Freddie Freeman,LAD,143,618,543,150,21,84,62,7,0.354,0.457,0.348,124,67.9
71,Trevor Story,BOS,136,575,522,130,21,74,35,6,0.302,0.431,0.316,98,111.3
72,Jose Altuve,HOU,138,600,541,142,22,77,49,5,0.328,0.434,0.33,113,116.5
73,Yainer Diaz,HOU,130,516,486,130,17,58,22,3,0.301,0.425,0.312,100,113
74,Ryan Jeffers,MIN,127,505,444,107,16,58,46,9,0.323,0.399,0.317,102,298.1
75,Marcus Semien,NYM,137,577,514,124,19,69,49,3,0.309,0.409,0.312,103,266.3
76,Matt Olson,ATL,154,665,574,141,29,85,80,6,0.341,0.451,0.342,119,48
77,J.P. Crawford,SEA,139,578,499,121,11,63,64,5,0.332,0.357,0.308,103,748.5
78,Brandon Nimmo,TEX,143,614,541,136,22,81,59,9,0.333,0.433,0.333,115,145.5
79,Cody Bellinger,NYY,138,592,532,135,24,74,49,3,0.318,0.446,0.328,111,81
80,CJ Abrams,WSN,141,614,558,140,19,77,37,12,0.309,0.413,0.313,100,65
81,Brice Turang,MIL,149,633,566,142,13,77,57,2,0.321,0.378,0.307,97,48.2
82,Otto Lopez,MIA,136,563,516,138,11,65,37,4,0.318,0.39,0.308,96,229.2
83,Kazuma Okamoto,TOR,126,523,460,109,25,65,52,7,0.32,0.451,0.332,114,999
84,Bo Naylor,CLE,120,446,393,83,15,50,44,3,0.295,0.382,0.296,90,574.3
85,Masyn Winn,STL,144,612,560,141,13,68,39,5,0.304,0.383,0.3,93,364.8
86,Josh Naylor,SEA,143,604,541,141,23,75,51,6,0.328,0.439,0.33,118,67.5
87,Ben Rice,NYY,132,541,476,116,25,71,53,8,0.327,0.459,0.339,119,53.2
88,Oneil Cruz,PIT,128,538,478,112,21,76,53,4,0.315,0.426,0.32,103,92.9
89,Trent Grisham,NYY,124,519,440,97,25,68,68,6,0.33,0.436,0.334,116,253.8
90,Seiya Suzuki,CHC,133,573,502,126,23,76,61,4,0.334,0.448,0.338,119,113.4
91,Isaac Paredes,HOU,116,492,423,103,22,63,55,9,0.341,0.443,0.341,120,243.6
92,Ian Happ,CHC,144,626,539,128,21,78,77,5,0.336,0.409,0.327,112,184.9
93,Wilyer Abreu,BOS,125,505,448,109,22,63,49,3,0.32,0.451,0.331,108,199.9
94,Daulton Varsho,TOR,133,546,493,109,26,70,43,5,0.288,0.434,0.31,99,192.2
95,Iván Herrera,STL,129,543,478,128,18,69,52,9,0.349,0.428,0.34,121,178.4
96,Drake Baldwin,ATL,133,535,481,122,17,61,45,4,0.32,0.407,0.317,102,78.6
97,Kevin McGonigle,DET,108,447,401,102,13,55,38,3,0.321,0.419,0.321,105,999
98,Max Muncy,LAD,109,444,372,81,22,61,63,5,0.337,0.442,0.338,117,234.4
99,Luis Arraez,SFG,140,606,558,172,5,69,34,4,0.349,0.392,0.324,110,280
100,Agustín Ramírez,MIA,124,519,473,117,18,60,37,5,0.305,0.418,0.312,98,86.8
101,Colson Montgomery,CHW,130,551,492,106,23,62,46,9,0.292,0.401,0.301,92,254.8
102,Dillon Dingler,DET,110,417,383,92,12,44,24,6,0.293,0.39,0.297,89,254.6
103,Jackson Holliday,BAL,118,505,449,113,13,64,48,4,0.327,0.398,0.318,105,203.1
104,Brandon Lowe,PIT,124,527,473,115,24,65,45,5,0.314,0.45,0.329,109,187.6
105,Jordan Westburg,BAL,93,394,361,93,17,52,25,5,0.314,0.46,0.332,115,646.8
106,Tyler Soderstrom,ATH,140,585,524,133,25,75,50,5,0.323,0.455,0.334,112,82.8
107,Colton Cowser,BAL,128,513,455,103,20,64,47,7,0.306,0.411,0.312,101,251.7
108,Bryson Stott,PHI,136,555,500,126,12,67,47,3,0.317,0.379,0.305,93,181.4
109,Michael Harris II,ATL,139,574,536,140,19,74,27,5,0.302,0.426,0.313,99,99.1
110,Vinnie Pasquantino,KCR,146,629,564,148,27,76,51,6,0.328,0.468,0.34,116,77.1
111,Andrés Giménez,TOR,138,558,507,124,10,65,30,14,0.303,0.356,0.29,85,412.2
112,Luis Robert Jr.,NYM,127,523,474,112,20,72,38,6,0.299,0.412,0.307,99,105.6
113,Ezequiel Tovar,COL,147,626,581,152,19,73,30,4,0.3,0.427,0.313,86,209.2
114,Miguel Vargas,CHW,138,581,513,122,17,66,56,6,0.317,0.401,0.314,101,303.1
115,Danny Jansen,TEX,90,334,289,59,13,36,36,5,0.302,0.383,0.302,94,999
116,Jeff McNeil,ATH,131,532,474,123,13,62,42,8,0.328,0.404,0.319,102,440.5
117,J.T. Realmuto,PHI,121,474,426,107,13,57,31,7,0.31,0.404,0.31,97,212.3
118,Munetaka Murakami,CHW,133,547,457,94,31,77,81,6,0.331,0.446,0.337,117,999
119,Salvador Perez,KCR,141,577,526,133,27,64,29,9,0.3,0.455,0.321,103,91.1
120,Evan Carter,TEX,109,434,385,91,11,56,40,6,0.316,0.391,0.309,99,280.5
121,Teoscar Hernández,LAD,132,554,509,134,26,76,35,5,0.315,0.468,0.336,116,125.4
122,Willson Contreras,BOS,134,563,487,123,23,72,52,16,0.341,0.444,0.342,116,168.2
123,Yandy Díaz,TBR,142,616,550,155,17,73,56,5,0.352,0.427,0.34,118,138.6
124,Matt McLain,CIN,131,546,485,113,17,67,49,7,0.31,0.395,0.309,92,144.3
125,George Springer,TOR,131,568,499,126,23,77,56,6,0.333,0.44,0.335,116,94.4
126,Michael Busch,CHC,141,591,521,126,25,74,57,8,0.324,0.443,0.332,115,106.5
127,Xavier Edwards,MIA,133,572,514,143,3,66,45,3,0.338,0.356,0.307,94,182.4
128,Jake Cronenworth,SDP,140,579,501,115,13,64,61,10,0.323,0.365,0.305,99,738.3
129,Eugenio Suárez,CIN,142,597,531,125,37,76,49,10,0.31,0.49,0.341,114,97.9
130,Sean Murphy,ATL,89,348,303,68,15,42,33,8,0.314,0.415,0.318,103,746.1
131,Jonathan Aranda,TBR,136,568,501,130,21,67,53,9,0.339,0.439,0.337,116,195.6
132,Chase Meidroth,CHW,126,537,474,121,7,59,51,7,0.335,0.347,0.306,95,646.9
133,Alec Bohm,PHI,133,562,516,138,13,62,35,4,0.317,0.4,0.312,98,239.9
134,Jakob Marsee,MIA,131,564,491,110,12,68,58,7,0.314,0.359,0.299,89,137.1
135,Jarren Duran,BOS,142,615,554,143,15,82,50,7,0.326,0.422,0.325,104,64
136,Joey Bart,PIT,82,309,273,64,8,33,28,6,0.317,0.361,0.302,90,999
137,Kyle Teel,CHW,98,394,346,85,10,45,41,4,0.328,0.386,0.315,101,266.9
138,Sal Frelick,MIL,131,547,491,129,8,62,43,5,0.326,0.368,0.306,96,216.4
139,Nolan Arenado,ARI,134,559,513,131,16,60,36,4,0.307,0.4,0.306,94,638.1
140,Josh Smith,TEX,125,511,447,108,10,58,47,10,0.325,0.366,0.306,97,428.9
141,Nolan Schanuel,LAA,141,598,514,136,13,69,67,9,0.356,0.39,0.33,110,594.7
142,Kyle Higashioka,TEX,74,272,250,54,10,28,17,1,0.267,0.383,0.282,80,999
143,Royce Lewis,MIN,123,498,456,109,18,58,35,3,0.296,0.409,0.305,94,193.6
144,Ozzie Albies,ATL,140,588,534,132,17,68,42,5,0.305,0.401,0.306,95,150.5
145,Tyler Stephenson,CIN,108,426,377,89,15,47,40,5,0.315,0.398,0.312,95,294.8
146,Carlos Narváez,BOS,108,410,367,82,12,42,35,4,0.296,0.366,0.291,81,443
147,Christian Yelich,MIL,135,575,503,128,20,73,64,4,0.342,0.422,0.332,114,127.2
148,Lawrence Butler,ATH,134,553,498,119,20,72,49,2,0.307,0.42,0.315,99,157.2
149,Bryan Reynolds,PIT,146,632,564,143,19,78,55,8,0.328,0.419,0.324,106,204.7
150,Gavin Lux,TBR,111,446,397,101,8,50,44,2,0.329,0.376,0.311,98,746
151,Konnor Griffin,PIT,94,392,359,92,10,48,23,7,0.312,0.395,0.308,95,999
152,Spencer Torkelson,DET,147,615,538,125,27,73,64,7,0.32,0.433,0.325,108,188.4
153,Kerry Carpenter,DET,115,473,431,108,24,61,30,7,0.308,0.476,0.334,115,236.2
154,Caleb Durbin,BOS,133,532,478,120,10,61,34,13,0.316,0.37,0.302,88,219.8
155,Logan O'Hoppe,LAA,117,453,413,93,19,49,31,5,0.286,0.407,0.3,90,246.5
156,Jo Adell,LAA,140,568,516,120,30,72,39,8,0.294,0.455,0.321,104,120.3
157,Colt Keith,DET,123,493,443,114,14,60,44,3,0.326,0.421,0.324,108,502.5
158,Jared Triolo,PIT,119,473,421,102,9,54,44,4,0.318,0.362,0.301,90,735.5
159,Matt Wallner,MIN,117,481,418,94,22,62,49,11,0.319,0.438,0.328,110,340.6
160,Carson Kelly,CHC,95,364,321,75,12,40,34,4,0.311,0.389,0.307,98,591.9
161,Heliot Ramos,SFG,145,609,551,140,20,73,45,8,0.318,0.413,0.318,106,218.8
162,Josh Jung,TEX,124,507,470,114,16,55,29,4,0.291,0.397,0.298,92,610.5
163,Ceddanne Rafaela,BOS,140,559,523,128,15,67,24,6,0.285,0.396,0.294,83,125
164,Jonathan India,KCR,119,504,434,105,11,60,52,12,0.337,0.376,0.318,100,607.7
165,Ha-Seong Kim,ATL,88,353,309,75,8,45,34,3,0.32,0.375,0.306,95,748.4
166,Tommy Edman,LAD,107,433,396,96,13,54,28,4,0.297,0.395,0.3,92,730.1
167,Joey Ortiz,MIL,132,514,470,113,8,53,34,4,0.294,0.349,0.283,80,743.4
168,Ryan McMahon,NYY,118,475,415,87,17,53,53,3,0.301,0.375,0.297,91,732.9
169,Denzel Clarke,ATH,99,382,349,78,8,45,25,5,0.284,0.353,0.28,75,728.3
170,Pedro Pagés,STL,90,333,306,68,9,31,20,3,0.276,0.352,0.275,76,748.3
171,Jung Hoo Lee,SFG,136,567,514,139,8,67,43,5,0.329,0.397,0.317,105,339.4
172,Willi Castro,COL,129,527,469,121,13,66,41,11,0.329,0.405,0.321,92,256.3
173,Harrison Bader,SFG,122,482,441,105,13,59,30,7,0.296,0.383,0.297,91,554.3
174,Brandon Marsh,PHI,121,475,421,106,13,58,46,3,0.326,0.407,0.32,103,609.7
175,Ramón Laureano,SDP,125,511,461,113,20,67,36,10,0.311,0.435,0.322,110,224.5
176,Victor Caratini,MIN,92,352,315,78,10,38,27,6,0.316,0.381,0.306,95,681
177,Cedric Mullins,TBR,111,451,400,92,15,58,41,4,0.305,0.401,0.308,96,321.5
178,Hunter Feduccia,TBR,73,252,225,48,4,23,24,1,0.289,0.32,0.272,71,999
179,Lars Nootbaar,STL,116,493,428,102,13,56,57,3,0.33,0.382,0.314,103,746
180,Sal Stewart,CIN,120,484,440,118,18,59,35,4,0.327,0.449,0.335,110,161.9
181,Anthony Volpe,NYY,111,451,410,91,13,53,32,4,0.283,0.372,0.286,83,642
182,Jorge Polanco,NYM,123,507,451,111,21,62,45,4,0.316,0.436,0.325,112,209.4
183,Kyle Stowers,MIA,130,543,483,113,23,63,50,6,0.312,0.431,0.321,104,164.4
184,Kyle Manzardo,CLE,128,523,462,109,24,61,49,6,0.314,0.444,0.326,110,253.5
185,Dylan Beavers,BAL,98,392,346,83,11,48,39,2,0.318,0.397,0.312,101,505
186,Ryan O'Hearn,PIT,124,511,453,119,13,59,47,5,0.335,0.405,0.323,105,285.4
187,Brenton Doyle,COL,137,561,514,129,19,73,36,3,0.302,0.421,0.312,86,166.3
188,Nick Gonzales,PIT,98,406,372,97,7,44,24,5,0.312,0.388,0.305,93,999
189,Carson Williams,TBR,109,425,386,84,15,49,31,4,0.283,0.386,0.291,84,724.5
190,Cam Smith,HOU,122,483,433,104,12,56,41,6,0.314,0.375,0.303,94,341.9
191,Justin Crawford,PHI,114,456,419,111,6,56,28,2,0.314,0.364,0.298,88,999
192,Yoán Moncada,LAA,94,378,335,80,13,42,36,4,0.318,0.411,0.318,102,746.2
193,Tyler O'Neill,BAL,93,383,336,78,18,49,39,5,0.317,0.44,0.327,111,477.6
194,Alec Burleson,STL,138,575,523,138,18,64,39,4,0.317,0.416,0.318,106,175.2
195,Jake Meyers,HOU,116,456,411,99,9,52,35,6,0.308,0.359,0.295,88,738.2
196,Marcelo Mayer,BOS,111,432,394,96,11,47,32,2,0.303,0.395,0.302,88,589.5
197,JJ Wetherholt,STL,115,486,435,104,8,51,40,6,0.31,0.354,0.294,89,999
198,Luis García Jr.,WSN,124,508,472,125,15,58,28,2,0.304,0.413,0.309,97,261.9
199,Jordan Lawlar,ARI,109,408,370,89,9,49,30,5,0.303,0.377,0.297,88,261.6
200,Jose Trevino,CIN,70,253,233,54,5,22,14,2,0.278,0.338,0.271,66,999
201,Carter Jensen,KCR,106,398,355,83,11,46,38,2,0.31,0.399,0.308,94,999
202,Daylen Lile,WSN,133,551,505,135,10,64,35,6,0.319,0.408,0.315,102,206.5
203,Brooks Lee,MIN,134,541,498,119,13,55,34,3,0.289,0.369,0.287,81,542.6
204,Parker Meadows,DET,105,417,374,82,10,50,37,3,0.292,0.367,0.289,83,745.7
205,Ernie Clement,TOR,139,554,517,130,9,57,24,4,0.286,0.359,0.281,79,337.7
206,Freddy Fermin,SDP,118,435,398,92,8,42,26,3,0.281,0.336,0.271,75,735.3
207,TJ Friedl,CIN,133,576,497,120,14,68,58,12,0.331,0.379,0.315,96,265.1
208,Jesús Sánchez,TOR,103,413,372,90,14,51,34,3,0.31,0.406,0.312,100,617.4
209,Addison Barger,TOR,115,470,428,101,17,55,35,4,0.298,0.414,0.307,97,193.1
210,Miguel Amaya,CHC,77,286,256,58,7,29,19,5,0.291,0.36,0.286,83,746
211,Victor Scott II,STL,130,507,454,99,6,57,36,7,0.284,0.309,0.265,69,391.1
212,José Caballero,NYY,97,367,324,69,7,49,32,7,0.297,0.328,0.28,78,200
213,Dylan Crews,WSN,107,440,401,93,12,51,29,6,0.291,0.377,0.292,86,282.2
214,Garrett Mitchell,MIL,93,358,319,70,8,41,32,3,0.297,0.351,0.287,83,691.2
215,Luis Campusano,SDP,68,248,224,52,7,26,19,2,0.298,0.373,0.294,91,999
216,Marcell Ozuna,PIT,124,520,452,109,21,61,61,3,0.332,0.421,0.329,109,377.5
217,Harry Ford,WSN,87,256,226,52,5,26,24,3,0.31,0.353,0.295,87,725.5
218,Colt Emerson,SEA,71,283,255,61,5,30,22,4,0.307,0.36,0.293,93,999
219,Spencer Horwitz,PIT,116,477,419,108,10,53,48,5,0.339,0.392,0.322,104,738.2
220,Gabriel Arias,CLE,109,435,400,90,11,47,26,5,0.278,0.357,0.278,77,748.4
221,Isaac Collins,KCR,108,412,358,86,8,50,44,5,0.328,0.372,0.31,95,666.2
222,Trevor Larnach,MIN,103,426,376,93,13,50,42,4,0.327,0.405,0.32,104,748.5
223,Edgar Quero,CHW,109,428,383,98,9,45,35,6,0.325,0.381,0.311,98,475.1
224,Davis Schneider,TOR,86,327,284,59,12,39,37,4,0.307,0.388,0.306,96,999
225,Christian Walker,HOU,135,566,508,113,25,66,46,7,0.295,0.415,0.307,97,212.9
226,Austin Hays,CHW,111,449,411,101,14,50,29,5,0.301,0.408,0.307,96,572.5
227,Chandler Simpson,TBR,109,448,415,121,1,57,24,1,0.33,0.349,0.299,90,180.2
228,Joc Pederson,TEX,101,397,342,79,16,49,44,7,0.327,0.423,0.327,111,999
229,Samuel Basallo,BAL,109,427,389,93,16,49,31,3,0.299,0.416,0.308,98,160.9
230,Ke'Bryan Hayes,CIN,127,507,466,112,8,53,33,3,0.294,0.344,0.281,73,999
231,Henry Davis,PIT,70,260,233,50,7,27,19,5,0.289,0.351,0.282,77,999
232,Connor Norby,MIA,116,454,415,99,13,49,31,4,0.296,0.391,0.299,89,728.1
233,Jordan Beck,COL,131,541,492,124,17,68,41,4,0.312,0.417,0.317,89,232.9
234,Travis d'Arnaud,LAA,60,221,199,44,7,22,14,3,0.283,0.381,0.29,83,999
235,Mike Yastrzemski,ATL,115,462,403,91,15,54,50,4,0.315,0.399,0.312,99,656.1
236,Nolan Gorman,STL,122,497,442,93,21,54,48,3,0.29,0.398,0.299,92,653.1
237,Luisangel Acuña,CHW,103,364,339,83,3,39,19,2,0.288,0.327,0.271,71,395.5
238,Austin Hedges,CLE,42,142,124,23,3,12,10,2,0.255,0.294,0.245,55,999
239,Cole Young,SEA,102,393,350,82,6,41,35,5,0.309,0.344,0.29,91,704.3
240,Josh Lowe,LAA,115,473,429,101,14,58,38,2,0.297,0.394,0.299,90,297.1
241,Wenceel Pérez,DET,99,404,365,85,11,49,32,3,0.297,0.388,0.298,90,748.5
242,Keibert Ruiz,WSN,88,343,319,76,7,30,17,4,0.283,0.352,0.278,76,720.3
243,Dalton Rushing,LAD,56,201,179,40,7,24,18,3,0.303,0.39,0.303,94,745.8
244,Lourdes Gurriel Jr.,ARI,85,359,331,88,11,42,21,4,0.314,0.423,0.319,103,689.1
245,Spencer Steer,CIN,105,434,384,89,15,51,41,5,0.313,0.405,0.314,96,335.7
246,Kyle Karros,COL,67,265,239,64,5,29,21,3,0.331,0.396,0.317,89,999
247,Brayan Rocchio,CLE,121,466,421,96,8,48,33,6,0.29,0.335,0.277,76,999
248,Edmundo Sosa,PHI,66,245,225,55,8,28,11,5,0.293,0.404,0.302,91,999
249,Josh Bell,MIN,130,540,477,116,18,62,54,4,0.322,0.4,0.316,101,636.3
250,Andrew Vaughn,MIL,129,538,489,123,17,56,36,7,0.309,0.407,0.311,99,272.3
251,Giancarlo Stanton,NYY,96,392,351,78,24,48,36,2,0.297,0.46,0.323,108,251.5
252,Gary Sánchez,MIL,46,174,155,33,8,18,14,3,0.287,0.407,0.302,93,999
253,Lane Thomas,KCR,95,389,351,82,13,51,31,4,0.303,0.4,0.307,93,726.7
254,Luke Raley,SEA,90,341,300,66,12,40,25,12,0.304,0.384,0.303,100,748.3
255,Luis Torrens,NYM,62,222,203,46,5,22,14,2,0.283,0.344,0.276,78,999
256,Javier Sanoja,MIA,64,235,219,58,4,26,13,1,0.308,0.387,0.301,90,999
257,Mauricio Dubón,ATL,108,407,380,96,5,40,20,2,0.29,0.346,0.279,76,743.4
258,Zach McKinstry,DET,105,405,363,83,8,49,34,4,0.299,0.361,0.29,84,510.3
259,Amed Rosario,NYY,67,253,237,62,5,29,11,2,0.298,0.379,0.295,89,999
260,Brady House,WSN,125,505,474,113,12,48,23,4,0.277,0.365,0.279,77,710.1
261,Austin Martin,MIN,81,311,272,69,3,37,30,5,0.336,0.344,0.305,94,748.6
262,Andrew Benintendi,CHW,118,485,435,108,15,52,41,2,0.313,0.399,0.309,97,735.8
263,Nasim Nuñez,WSN,99,358,320,73,4,39,30,2,0.295,0.311,0.271,71,583.1
264,Rob Refsnyder,SEA,62,233,203,49,8,28,24,3,0.328,0.406,0.321,112,999
265,Jake Burger,TEX,130,532,492,116,24,60,29,8,0.286,0.427,0.307,98,236.7
266,Ramón Urías,STL,73,284,258,62,7,29,20,3,0.301,0.374,0.296,91,999
267,James McCann,ARI,54,197,179,43,5,21,11,2,0.289,0.374,0.289,83,999
268,Carson Benge,NYM,95,381,344,82,9,42,31,4,0.306,0.372,0.297,92,999
269,Jacob Young,WSN,98,369,332,80,2,39,23,5,0.297,0.307,0.27,71,746.1
270,Coby Mayo,BAL,55,211,190,42,7,24,17,2,0.295,0.395,0.3,93,459.2
271,Mitch Garver,SEA,30,112,98,20,4,12,12,1,0.296,0.364,0.292,92,999
272,Connor Wong,BOS,60,221,202,46,4,23,14,3,0.287,0.35,0.28,74,999
273,Braxton Fulford,COL,52,190,173,41,5,21,13,3,0.3,0.394,0.303,79,999
274,Jake Rogers,DET,55,195,175,36,6,20,16,2,0.276,0.359,0.279,77,999
275,Jasson Domínguez,NYY,59,230,206,49,7,30,21,2,0.313,0.393,0.308,98,421.5
276,Nick Fortes,TBR,92,315,287,62,6,28,17,5,0.272,0.33,0.266,67,999
277,Victor Robles,SEA,77,302,268,63,5,37,19,7,0.302,0.349,0.289,90,727.5
278,Joe Mack,MIA,60,230,210,45,6,22,17,2,0.28,0.354,0.278,75,999
279,Jorge Soler,LAA,116,475,414,91,21,54,50,5,0.309,0.413,0.315,100,634.8
280,Rhys Hoskins,CLE,98,397,344,75,16,46,45,5,0.314,0.4,0.313,101,738
281,Blaze Alexander,BAL,77,299,267,58,7,34,24,5,0.294,0.347,0.285,82,745.9
282,Brett Baty,NYM,112,446,404,94,15,49,35,3,0.296,0.381,0.296,92,292.9
283,Jake Fraley,TBR,97,362,324,77,8,42,32,4,0.311,0.368,0.299,89,999
284,Matt Shaw,CHC,81,314,284,68,9,39,25,3,0.305,0.388,0.303,95,336.7
285,Luis Rengifo,MIL,108,428,394,96,8,46,27,4,0.296,0.356,0.286,82,644.9
286,Romy Gonzalez,BOS,51,196,181,47,5,24,11,2,0.306,0.406,0.309,93,999
287,Jonny DeLuca,TBR,71,276,253,58,6,31,18,3,0.284,0.365,0.283,79,999
288,Mickey Moniak,COL,118,472,438,112,20,61,27,4,0.302,0.467,0.328,96,245.8
289,Christian Moore,LAA,81,316,284,62,9,34,27,3,0.291,0.365,0.288,82,748.3
290,Casey Schmitt,SFG,68,265,241,57,8,28,17,3,0.292,0.383,0.294,89,999
291,Vaughn Grissom,LAA,58,229,209,52,4,24,15,3,0.307,0.358,0.293,85,999
292,Reese McGuire,CHW,30,104,95,21,3,10,6,1,0.278,0.36,0.279,76,999
293,Tyler Heineman,TOR,42,145,129,27,2,13,10,2,0.278,0.296,0.258,63,999
294,Chase DeLauter,CLE,107,460,419,100,12,48,34,3,0.299,0.377,0.295,89,999
295,Tyler Freeman,COL,74,301,266,74,4,38,22,8,0.351,0.39,0.327,96,745.9
296,Jake McCarthy,COL,93,370,335,87,5,46,23,6,0.317,0.373,0.303,80,506.8
297,Jonah Heim,ATH,39,143,131,29,4,14,10,1,0.277,0.347,0.274,73,999
298,Edouard Julien,COL,76,295,256,62,7,34,34,3,0.337,0.379,0.317,89,746
299,Leo Rivas,SEA,46,155,133,29,2,17,18,1,0.314,0.314,0.284,87,999
300,Thomas Saggese,STL,59,232,214,52,5,23,13,2,0.293,0.37,0.289,86,999
301,Brooks Baldwin,CHW,90,345,316,74,11,38,22,2,0.286,0.39,0.292,86,748.2
302,Ryan Ritter,COL,59,228,205,51,5,26,15,4,0.311,0.39,0.306,82,999
303,Adolis García,PHI,135,562,514,119,23,66,37,5,0.288,0.414,0.303,91,214
304,Ben Williamson,TBR,68,262,242,61,2,26,16,2,0.302,0.338,0.283,78,999
305,Ezequiel Duran,TEX,73,267,248,58,5,29,13,3,0.279,0.35,0.275,75,999
306,Nathan Lukes,TOR,81,315,285,72,6,34,24,2,0.314,0.369,0.3,92,999
307,Max Muncy,ATH,97,378,346,80,11,42,23,5,0.285,0.38,0.29,81,672.7
308,Gavin Sheets,SDP,117,474,428,102,14,51,38,4,0.305,0.389,0.303,97,684.8
309,Leo Jiménez,MIA,36,124,110,26,2,13,9,4,0.315,0.352,0.297,90,999
310,J.C. Escarra,NYY,43,148,132,27,3,14,12,2,0.28,0.317,0.266,69,999
311,Christian Vázquez,HOU,31,116,105,24,2,11,7,1,0.277,0.32,0.264,67,999
312,Travis Bazzana,CLE,53,211,186,40,5,22,20,2,0.298,0.345,0.286,82,999
313,Triston Casas,BOS,45,184,160,38,7,21,21,1,0.331,0.429,0.329,107,746.1
314,Liam Hicks,MIA,79,306,267,64,4,29,30,6,0.324,0.33,0.294,86,748.5
315,Moisés Ballesteros,CHC,92,355,321,82,9,39,28,2,0.318,0.4,0.312,101,594.4
316,Mark Vientos,NYM,106,435,397,94,18,50,30,3,0.294,0.419,0.307,99,652.6
317,Jimmy Crooks,STL,28,101,91,22,2,10,7,1,0.302,0.364,0.293,88,999
318,Thairo Estrada,,31,127,118,29,3,14,6,2,0.292,0.384,0.295,87,999
319,Zach Cole,HOU,78,306,275,57,10,37,25,4,0.28,0.375,0.285,81,743.6
320,Austin Wynns,LAA,43,153,139,31,5,15,9,1,0.278,0.36,0.279,74,999
321,Darell Hernaiz,ATH,50,193,176,45,2,21,13,1,0.305,0.348,0.288,80,999
322,Jett Williams,MIL,34,138,124,28,3,15,11,2,0.297,0.365,0.291,86,999
323,Miguel Rojas,LAD,49,178,160,40,3,20,11,1,0.3,0.352,0.287,83,999
324,Will Benson,CIN,70,256,228,49,9,32,25,2,0.296,0.397,0.301,87,999
325,Jake Mangum,PIT,84,328,308,82,2,36,14,3,0.302,0.341,0.283,78,672.4
326,Daniel Schneemann,CLE,58,219,196,42,5,23,20,1,0.289,0.345,0.281,79,999
327,Javier Báez,DET,89,342,319,73,8,34,13,4,0.266,0.355,0.27,71,740.7
328,Drew Millas,WSN,35,123,113,27,2,12,9,1,0.295,0.336,0.277,76,999
329,Tyler Austin,CHC,36,142,126,30,6,17,14,1,0.317,0.438,0.326,111,999
330,Matt Vierling,DET,83,325,293,70,7,35,25,3,0.301,0.364,0.292,86,999
331,Nathaniel Lowe,CIN,55,214,188,47,7,25,23,1,0.335,0.402,0.323,102,999
332,Alex Call,LAD,44,166,144,33,3,20,17,2,0.316,0.354,0.298,90,999
333,Rafael Marchán,PHI,45,159,144,32,2,15,11,2,0.286,0.323,0.27,69,999
334,Sam Haggerty,TEX,61,223,200,48,3,28,18,3,0.311,0.347,0.292,87,999
335,Zack Gelof,ATH,43,164,149,32,6,20,13,1,0.283,0.378,0.289,81,999
336,Tom Murphy,,17,62,55,12,2,7,5,1,0.29,0.39,0.297,89,999
337,Everson Pereira,CHW,58,225,205,45,8,25,17,2,0.286,0.382,0.292,85,999
338,César Salazar,HOU,41,119,106,22,2,11,9,3,0.281,0.307,0.264,67,999
339,Endy Rodríguez,PIT,27,101,92,22,2,10,7,1,0.298,0.368,0.292,83,999
340,Alan Roden,MIN,53,196,175,44,3,22,15,4,0.32,0.358,0.3,91,999
341,Ryan Waldschmidt,ARI,39,158,141,35,3,18,14,2,0.321,0.376,0.306,94,999
342,Kyle Isbel,KCR,118,444,402,92,7,48,28,4,0.284,0.344,0.276,71,999
343,Anthony Santander,TOR,28,116,104,24,6,14,11,1,0.307,0.445,0.323,108,748.4
344,Andrew Knizner,COL,31,112,101,21,2,10,8,2,0.278,0.307,0.262,72,999
345,Sung-Mun Song,SDP,64,257,236,53,6,26,18,1,0.279,0.35,0.275,78,999
346,Juan Brito,CLE,29,115,103,24,2,12,10,1,0.301,0.359,0.29,85,999
347,Colby Thomas,ATH,67,257,237,54,9,30,14,4,0.28,0.4,0.295,85,748.6
348,Jose Iglesias,,38,131,120,31,1,13,6,2,0.305,0.344,0.286,82,999
349,Bryce Eldridge,SFG,81,327,294,69,13,37,28,2,0.304,0.417,0.31,100,999
350,JJ Bleday,CIN,76,300,265,60,12,34,31,1,0.306,0.412,0.312,95,748.6
351,Jeremiah Jackson,BAL,51,205,191,44,6,22,10,1,0.274,0.376,0.282,80,999
352,David Hamilton,MIL,56,194,177,37,5,25,14,1,0.269,0.344,0.269,71,743.3
353,Graham Pauley,MIA,85,320,288,63,8,31,26,3,0.287,0.357,0.283,78,999
354,Joshua Báez,STL,26,88,79,19,3,11,7,1,0.306,0.412,0.311,101,999
355,Brandon Lockridge,MIL,39,131,119,28,1,14,8,1,0.286,0.316,0.267,69,999
356,Chris Taylor,LAA,48,169,150,33,4,19,14,2,0.293,0.356,0.287,82,999
357,Riley Adams,WSN,24,91,82,17,3,9,6,2,0.278,0.354,0.279,76,999
358,Nick Castellanos,SDP,83,336,311,77,10,37,20,3,0.296,0.4,0.302,96,631
359,Joey Loperfido,HOU,96,354,323,74,8,40,22,5,0.29,0.365,0.286,82,746
360,José Fermín,STL,45,155,137,33,2,17,13,2,0.314,0.343,0.292,88,999
361,Michael Massey,KCR,70,279,258,61,7,27,14,3,0.279,0.372,0.282,76,999
362,Jesus Rodriguez,SFG,14,52,48,13,1,6,4,0,0.321,0.363,0.3,93,999
363,Korey Lee,CHW,38,122,114,25,3,12,6,1,0.261,0.339,0.263,65,999
364,Max Kepler,,36,141,126,29,4,15,12,1,0.303,0.391,0.302,92,999
365,Dylan Moore,PHI,48,172,152,31,6,23,16,3,0.293,0.382,0.297,87,999
366,Hyeseong Kim,LAD,47,164,152,37,2,20,10,1,0.289,0.344,0.278,76,740.8
367,Walker Jenkins,MIN,19,78,70,17,2,9,6,1,0.315,0.382,0.306,94,999
368,Blake Perkins,MIL,47,179,160,34,3,19,16,1,0.289,0.327,0.274,74,999
369,Noelvi Marte,CIN,122,497,459,114,15,58,30,5,0.299,0.402,0.304,89,147.7
370,Eli White,ATL,42,149,137,32,4,19,9,2,0.288,0.378,0.29,84,999
371,Andy Ibáñez,NYM,55,190,174,42,4,20,12,2,0.294,0.367,0.289,81,999
372,Derek Hill,CHW,38,141,129,30,3,16,8,1,0.277,0.357,0.278,76,999
373,Pavin Smith,ARI,98,394,345,80,12,45,44,2,0.318,0.385,0.309,96,999
374,Nathan Church,STL,49,170,156,38,2,17,10,2,0.291,0.339,0.277,77,999
375,Kody Clemens,MIN,75,287,262,58,11,32,20,2,0.28,0.398,0.293,85,700.7
376,CJ Kayfus,CLE,86,332,298,69,9,37,27,4,0.302,0.38,0.299,92,999
377,Taylor Walls,TBR,67,256,227,48,4,28,24,1,0.284,0.318,0.268,69,999
378,Jesse Winker,,55,216,186,43,6,25,26,2,0.33,0.371,0.311,98,999
379,Nick Yorke,PIT,40,156,144,36,3,17,10,1,0.303,0.36,0.29,83,999
380,David Fry,CLE,58,209,187,42,7,23,17,3,0.298,0.393,0.302,94,999
381,Dom Keegan,TBR,17,69,63,14,2,7,5,1,0.287,0.363,0.285,80,999
382,Esteury Ruiz,MIA,36,113,101,24,2,14,7,2,0.299,0.349,0.286,80,748.5
383,Ryan Mountcastle,BAL,46,184,169,43,5,21,12,1,0.306,0.406,0.309,99,748.1
384,Luke Maile,KCR,33,99,87,18,2,10,9,1,0.29,0.321,0.274,70,999
385,Dane Myers,CIN,64,240,220,52,6,26,15,3,0.293,0.359,0.287,77,999
386,Elias Díaz,KCR,23,82,75,16,2,8,5,1,0.275,0.346,0.273,69,999
387,Alek Thomas,LAD,106,406,373,89,8,45,24,3,0.287,0.367,0.285,80,746
388,Leo De Vries,ATH,8,31,28,7,1,4,2,0,0.31,0.441,0.322,104,999
389,Emmanuel Rodriguez,MIN,18,72,62,13,2,9,9,1,0.32,0.359,0.302,92,999
390,Nacho Alvarez Jr.,ATL,15,53,47,12,1,6,4,1,0.312,0.346,0.292,85,999
391,Justyn-Henry Malloy,TBR,34,123,107,25,3,14,13,1,0.329,0.38,0.314,100,999
392,Ryan Bliss,SEA,27,101,91,19,2,12,7,1,0.275,0.333,0.269,76,999
393,Jahmai Jones,DET,43,140,123,30,5,18,13,2,0.322,0.41,0.32,105,999
394,Luis Urías,ARI,20,77,68,16,2,8,7,2,0.311,0.356,0.296,87,999
395,Kristian Campbell,BOS,32,124,111,28,3,14,11,2,0.326,0.378,0.311,94,746.1
396,Mickey Gasper,BOS,13,38,34,8,1,4,3,1,0.308,0.352,0.292,82,999
397,Curtis Mead,WSN,28,102,93,22,2,11,6,2,0.297,0.366,0.29,84,999
398,Owen Caissie,MIA,114,423,380,86,11,43,36,3,0.297,0.365,0.291,84,528.5
399,Jon Berti,,39,135,123,29,1,16,9,1,0.297,0.32,0.275,74,999
400,Alex Freeland,LAD,19,72,64,14,2,9,7,1,0.296,0.352,0.287,83,999
401,Cody Freeman,TEX,44,170,158,37,4,17,9,1,0.28,0.357,0.278,77,999
402,Adael Amador,COL,38,143,128,32,3,17,12,1,0.314,0.369,0.301,78,999
403,Christopher Morel,MIA,91,347,310,68,14,42,31,4,0.297,0.407,0.306,94,999
404,Aidan Miller,PHI,14,55,49,11,1,6,4,1,0.299,0.359,0.29,83,999
405,Oswald Peraza,LAA,78,277,253,54,7,30,19,4,0.274,0.336,0.27,69,999
406,Nelson Velázquez,STL,41,164,148,33,6,18,13,1,0.291,0.397,0.298,92,748.6
407,Masataka Yoshida,BOS,53,213,193,52,4,23,15,3,0.33,0.392,0.316,98,748.3
408,Starling Marte,KCR,63,257,233,61,5,31,16,5,0.317,0.377,0.305,92,999
409,Nolan Jones,CLE,32,117,103,23,3,13,12,1,0.311,0.353,0.295,89,999
410,James Outman,MIN,55,200,178,36,7,23,18,3,0.286,0.368,0.287,82,999
411,Austin Slater,NYM,39,140,124,29,3,15,13,2,0.316,0.354,0.298,89,999
412,Kyle Farmer,ATL,28,102,92,22,2,11,6,2,0.293,0.364,0.289,83,999
413,Jeferson Quero,MIL,9,29,27,7,1,3,2,0,0.291,0.379,0.291,86,999
414,Jorge Mateo,ATL,50,172,158,35,4,23,9,1,0.268,0.355,0.271,71,999
415,Max Schuemann,NYY,22,72,63,14,1,7,6,1,0.295,0.309,0.272,73,999
416,Jacob Stallings,BAL,30,100,88,18,2,9,8,1,0.275,0.306,0.26,65,999
417,Garrett Stubbs,PHI,18,30,27,6,0,3,2,0,0.279,0.305,0.261,62,999
418,Jack Suwinski,LAD,37,126,110,22,5,16,13,1,0.293,0.382,0.295,88,999
419,Maximo Acosta,MIA,23,83,76,17,2,9,5,1,0.284,0.353,0.279,76,999
420,Bryce Teodosio,LAA,59,216,200,41,3,22,11,3,0.255,0.302,0.247,54,999
421,Luis Matos,MIL,47,178,165,40,5,19,9,2,0.287,0.385,0.291,88,999
422,Otto Kemp,PHI,58,223,201,47,6,25,15,5,0.302,0.387,0.301,90,999
423,Brice Matthews,HOU,16,61,55,11,2,8,5,1,0.282,0.361,0.283,80,741
424,Tommy Pham,BAL,56,225,201,47,5,25,20,2,0.307,0.362,0.295,87,999
425,Rafael Flores Jr.,PIT,19,66,60,14,2,7,5,1,0.292,0.362,0.287,80,999
426,José Tena,WSN,58,223,205,49,3,22,14,1,0.292,0.343,0.28,77,999
427,Jacob Melton,TBR,39,134,123,26,3,16,9,1,0.272,0.354,0.274,72,727.6
428,Santiago Espinal,LAD,37,138,126,31,1,15,9,1,0.301,0.33,0.28,78,999
429,DJ LeMahieu,,30,105,94,22,1,10,9,0,0.302,0.321,0.279,76,999
430,Alejandro Osuna,TEX,19,70,62,15,1,8,6,1,0.309,0.357,0.294,88,999
431,Ty France,SDP,46,181,163,40,3,19,11,6,0.315,0.355,0.297,93,999
432,Heriberto Hernández,MIA,82,329,292,65,11,36,30,3,0.302,0.39,0.302,91,999
433,Paul DeJong,DET,17,67,61,13,3,7,4,1,0.26,0.374,0.276,76,999
434,Trey Sweeney,DET,16,60,55,11,1,7,5,0,0.275,0.342,0.272,71,999
435,Alex Verdugo,,33,130,118,29,2,13,10,1,0.306,0.348,0.289,88,999
436,Alex Jackson,MIN,12,42,38,7,1,4,3,1,0.259,0.35,0.267,68,999
437,Brett Sullivan,COL,13,44,41,9,1,4,3,0,0.268,0.324,0.26,50,999
438,Sam Antonacci,CHW,7,26,23,6,0,3,2,1,0.325,0.352,0.3,91,999
439,Enmanuel Valdez,PIT,13,43,39,9,1,5,4,0,0.292,0.377,0.292,84,999
440,Andruw Monasterio,BOS,35,122,110,25,3,13,10,1,0.296,0.349,0.285,77,999
441,Dominic Canzone,SEA,107,421,384,88,14,44,31,3,0.289,0.385,0.292,92,477.2
442,Tommy Troy,ARI,12,49,45,11,1,5,3,1,0.298,0.353,0.287,81,999
443,Matt Thaiss,BOS,8,26,22,5,0,2,3,0,0.308,0.312,0.281,74,999
444,Johan Rojas,PHI,23,83,76,18,1,10,4,1,0.278,0.325,0.265,66,999
445,Michael Arroyo,SEA,8,20,18,4,0,2,2,0,0.306,0.373,0.299,97,999
446,Gabriel Gonzalez,MIN,13,52,48,13,1,6,3,1,0.309,0.384,0.303,92,999
447,Jonah Bride,TEX,11,37,33,7,1,4,4,0,0.305,0.33,0.285,82,999
448,Will Wagner,SDP,23,83,75,18,1,8,7,1,0.307,0.338,0.287,86,999
449,James Triantos,CHC,7,22,21,5,0,3,1,0,0.304,0.373,0.295,90,999
450,Willie MacIver,TOR,9,30,28,6,1,3,2,0,0.271,0.319,0.262,67,999
451,Manuel Margot,,11,42,38,9,1,4,3,0,0.298,0.345,0.284,80,999
452,Hao-Yu Lee,DET,6,20,18,5,0,2,1,0,0.305,0.383,0.3,91,999
453,Austin Barnes,,14,46,41,9,1,4,3,0,0.278,0.296,0.258,62,999
454,Jordan Walker,STL,124,497,453,103,12,52,35,5,0.289,0.36,0.285,83,511.7
455,Eric Haase,SFG,7,24,22,5,1,2,2,0,0.267,0.341,0.268,71,999
456,Eduardo Valencia,DET,4,13,12,3,0,1,1,0,0.299,0.39,0.298,90,999
457,Brett Harris,ATH,31,112,101,23,2,12,8,2,0.296,0.345,0.284,78,999
458,Leody Taveras,BAL,23,86,79,18,2,10,6,0,0.282,0.356,0.279,78,999
459,Jhonny Pereda,SEA,11,33,30,6,0,3,3,0,0.281,0.292,0.258,69,999
460,Kyren Paris,LAA,17,62,56,11,2,7,5,1,0.276,0.339,0.272,71,999
461,Josh Rojas,KCR,16,61,54,12,1,6,6,0,0.299,0.329,0.28,74,999
462,Gio Urshela,,27,103,95,23,1,10,6,0,0.291,0.332,0.275,74,999
463,Jace Jung,DET,22,77,67,14,2,8,8,1,0.294,0.34,0.282,78,999
464,Jose Siri,LAA,12,36,33,7,1,4,3,0,0.264,0.375,0.278,75,999
465,Ben Rortvedt,NYM,12,40,36,7,1,3,3,1,0.271,0.283,0.251,61,999
466,Nelson Rada,LAA,20,79,71,17,1,9,6,1,0.307,0.319,0.28,76,999
467,Max Anderson,DET,6,21,20,5,0,2,1,0,0.296,0.38,0.292,85,999
468,Lenyn Sosa,TOR,99,399,374,92,13,40,16,3,0.279,0.401,0.293,86,487.1
469,Brock Wilken,MIL,13,48,43,8,2,5,4,0,0.277,0.353,0.278,77,999
470,Adrian Del Castillo,ARI,60,225,204,46,7,24,18,2,0.294,0.39,0.297,88,999
471,Enrique Hernández,LAD,51,189,172,38,6,20,13,1,0.278,0.369,0.282,79,999
472,Miles Mastrobuoni,SEA,12,40,36,8,0,4,3,0,0.293,0.3,0.265,74,999
473,Nick Madrigal,LAA,12,49,45,11,0,5,2,1,0.304,0.316,0.276,74,999
474,Edwin Arroyo,CIN,7,26,24,6,0,3,1,0,0.297,0.371,0.292,80,999
475,Kahlil Watson,CLE,7,22,20,4,1,2,2,0,0.279,0.365,0.282,80,999
476,Victor Mesa Jr.,TBR,9,31,28,6,1,3,2,0,0.282,0.362,0.281,77,999
477,Jake Bauers,MIL,84,304,265,54,11,34,34,3,0.299,0.371,0.296,89,999
478,Mike Tauchman,NYM,38,145,125,28,3,15,17,1,0.321,0.335,0.295,91,999
479,Tre' Morgan,TBR,10,41,37,9,1,4,4,0,0.323,0.374,0.307,95,999
480,Michael Helman,TEX,28,99,91,19,3,10,6,1,0.255,0.335,0.258,64,999
481,Brandon Valenzuela,TOR,6,23,21,4,1,2,2,0,0.272,0.336,0.267,69,999
482,Daniel Susac,SFG,23,89,82,19,2,9,5,1,0.272,0.344,0.27,73,999
483,Tim Tawa,ARI,42,159,145,32,4,17,11,1,0.28,0.355,0.279,75,748.5
484,Jared Serna,MIA,8,29,27,6,0,3,2,0,0.289,0.34,0.277,74,999
485,Ronny Mauricio,NYM,37,140,130,30,4,16,8,1,0.281,0.369,0.281,81,999
486,Trei Cruz,DET,5,19,17,4,0,2,2,0,0.294,0.333,0.278,76,999
487,Cavan Biggio,HOU,8,25,22,4,1,3,2,0,0.294,0.32,0.276,75,999
488,Anthony Seigler,BOS,5,16,14,3,0,2,2,0,0.307,0.343,0.289,80,999
489,Dylan Carlson,PHI,28,108,95,21,2,11,10,1,0.304,0.344,0.288,85,999
490,Jorge Alfaro,KCR,11,27,26,6,1,3,1,0,0.261,0.34,0.263,63,999
491,Yohel Pozo,STL,49,171,163,39,4,14,6,1,0.264,0.352,0.267,70,999
492,Rodolfo Durán,SDP,5,15,14,3,0,1,1,0,0.26,0.344,0.263,70,999
493,Nick Loftin,KCR,36,133,121,28,2,13,10,1,0.293,0.34,0.28,75,999
494,Andrew McCutchen,TEX,49,205,179,39,6,22,23,2,0.31,0.359,0.297,91,999
495,Shay Whitcomb,HOU,9,30,27,6,1,3,2,0,0.267,0.361,0.273,73,999
496,Blake Dunn,CIN,10,32,29,7,1,4,2,1,0.303,0.337,0.286,77,999
497,Isiah Kiner-Falefa,BOS,55,214,199,50,2,22,10,3,0.294,0.322,0.273,68,746.2
498,Liover Peguero,PHI,10,29,27,6,1,3,2,0,0.269,0.345,0.269,68,999
499,Bryan Ramos,BAL,10,37,34,7,1,4,2,0,0.272,0.346,0.271,73,999
500,Cameron Cauley,TEX,5,21,20,4,0,2,1,0,0.263,0.34,0.264,67,999
501,Blake Hunt,SDP,6,17,16,3,0,2,1,0,0.26,0.329,0.259,67,999
502,Brendan Rodgers,BOS,28,94,87,20,2,9,6,1,0.283,0.343,0.276,71,999
503,Seby Zavala,LAD,4,14,12,2,0,1,1,0,0.253,0.326,0.256,61,999
504,Taylor Trammell,HOU,16,52,46,9,2,6,5,0,0.289,0.355,0.285,81,999
505,Nate Furman,SFG,3,8,7,2,0,1,1,0,0.314,0.338,0.291,87,999
506,Jonatan Clase,TOR,9,34,31,7,1,4,2,0,0.278,0.341,0.273,73,999
507,Shane McGuire,ATH,5,19,17,4,0,2,2,0,0.291,0.318,0.272,69,999
508,Maverick Handley,ATL,3,9,8,2,0,1,1,0,0.275,0.294,0.257,63,999
509,Christian Koss,SFG,27,99,91,21,2,10,5,1,0.276,0.339,0.269,72,999
510,Ben Cowles,CHC,5,17,16,3,0,2,1,0,0.283,0.339,0.275,76,999
511,Josh Kasevich,TOR,4,11,10,2,0,1,1,0,0.289,0.319,0.269,71,999
512,Drew Romo,CHW,10,21,19,4,0,2,1,0,0.258,0.331,0.258,62,999
513,Jose Herrera,TEX,6,19,17,3,0,2,2,0,0.274,0.272,0.248,57,999
514,Blake Sabol,TBR,3,9,8,2,0,1,1,0,0.275,0.332,0.268,69,999
515,Richie Palacios,TBR,46,170,151,34,3,18,16,2,0.305,0.336,0.285,80,999
516,Tim Anderson,,16,51,48,12,0,5,2,0,0.282,0.308,0.262,64,999
517,Weston Wilson,BAL,6,16,14,3,0,2,1,0,0.275,0.351,0.275,75,999
518,Michael Conforto,CHC,43,166,145,31,4,17,17,3,0.307,0.353,0.293,88,999
519,Luis Vázquez,BAL,7,20,18,4,0,2,1,0,0.271,0.325,0.263,67,999
520,Drew Waters,KCR,10,34,31,7,1,4,2,0,0.282,0.34,0.274,70,999
521,Denzer Guzman,LAA,10,39,36,8,1,4,3,0,0.268,0.348,0.27,70,999
522,Luken Baker,ARI,2,6,6,1,0,1,1,0,0.287,0.378,0.29,83,999
523,Esmerlyn Valdez,PIT,14,37,34,8,1,4,3,0,0.29,0.383,0.294,85,999
524,Bryan Torres,STL,10,39,35,9,0,4,3,0,0.305,0.321,0.278,78,999
525,Tyler Fitzgerald,LAD,22,81,74,16,2,9,5,1,0.272,0.342,0.27,73,999
526,Stuart Fairchild,CLE,14,46,41,9,1,5,3,1,0.285,0.343,0.278,77,999
527,Samad Taylor,SDP,6,19,18,4,0,2,1,0,0.28,0.317,0.265,71,999
528,Ryan Clifford,NYM,12,43,38,8,2,5,4,0,0.3,0.38,0.298,93,999
529,Gustavo Campero,LAA,8,26,23,5,1,3,2,1,0.299,0.365,0.291,84,999
530,Hayden Senger,NYM,5,14,13,3,0,1,1,0,0.25,0.297,0.243,55,999
531,RJ Schreck,TOR,3,11,10,2,0,1,1,0,0.303,0.369,0.296,89,999
532,Jonathon Long,CHC,6,20,17,4,1,2,2,0,0.311,0.383,0.303,95,999
533,Kyle McCann,COL,10,33,30,6,1,3,3,0,0.276,0.343,0.274,59,999
534,Tanner Murray,CHW,16,63,59,14,1,6,3,1,0.27,0.347,0.27,70,999
535,Dom Nuñez,CLE,5,15,13,2,0,1,1,0,0.256,0.289,0.245,55,999
536,Emmanuel Rivera,,4,10,9,2,0,1,1,0,0.287,0.329,0.273,74,999
537,Blaze Jordan,STL,6,17,16,4,0,2,1,0,0.3,0.385,0.297,91,999
538,Sam Huff,BAL,4,13,12,2,0,1,1,0,0.254,0.318,0.252,60,999
539,Héctor Rodríguez,CIN,5,17,16,4,0,2,1,0,0.293,0.403,0.3,86,999
540,Tomás Nido,DET,6,21,19,4,0,2,1,0,0.256,0.307,0.248,55,999
541,Tsung-Che Cheng,BOS,6,17,15,3,0,2,1,0,0.282,0.314,0.265,63,999
542,Alika Williams,ATH,5,17,16,4,0,2,1,0,0.276,0.318,0.263,64,999
543,Steward Berroa,PHI,6,16,14,3,0,2,1,0,0.271,0.299,0.255,61,999
544,César Prieto,STL,13,41,39,9,1,4,2,0,0.275,0.334,0.266,70,999
545,Orelvis Martinez,,18,70,64,13,2,6,5,1,0.263,0.354,0.269,70,999
546,Will Banfield,CIN,8,22,20,4,0,2,1,0,0.242,0.313,0.243,47,999
547,Randal Grichuk,CHW,41,160,148,34,5,17,10,2,0.28,0.391,0.291,86,999
548,Nick Morabito,NYM,4,11,10,2,0,1,1,0,0.298,0.333,0.28,80,999
549,Garrett Hampson,CIN,17,53,47,10,1,5,4,0,0.281,0.314,0.265,62,999
550,Orlando Arcia,MIN,33,125,115,25,3,11,8,1,0.269,0.333,0.265,66,999
551,Brennen Davis,SEA,5,17,15,3,1,2,1,0,0.273,0.36,0.278,83,999
552,Tirso Ornelas,SDP,32,93,85,20,2,9,7,1,0.29,0.349,0.281,82,999
553,Jared Young,NYM,12,37,33,7,1,4,3,0,0.288,0.363,0.286,85,999
554,Ryan Fitzgerald,LAD,5,11,10,2,0,1,1,0,0.268,0.337,0.266,69,999
555,Brian Serven,ATH,9,25,23,4,0,2,2,0,0.262,0.303,0.252,56,999
556,Sebastián Rivero,LAA,8,22,21,4,0,2,1,0,0.24,0.302,0.239,48,999
557,Marco Luciano,NYY,6,18,16,3,0,2,2,0,0.261,0.308,0.254,61,999
558,Jhostynxon Garcia,PIT,69,237,217,51,6,25,15,2,0.286,0.378,0.289,82,999
559,Luke Williams,ATL,14,23,21,4,0,2,1,0,0.259,0.32,0.255,60,999
560,Juan Yepez,,5,15,13,3,0,2,1,0,0.29,0.374,0.29,85,999
561,Kevin Alcántara,CHC,18,51,47,11,1,5,3,0,0.289,0.359,0.284,82,999
562,Jacob Amaya,ARI,6,14,13,3,0,1,1,0,0.269,0.308,0.257,60,999
563,Justin Dean,CHC,15,25,23,5,0,3,2,0,0.269,0.283,0.249,58,999
564,Kameron Misner,KCR,14,50,45,9,1,6,5,0,0.282,0.338,0.275,71,999
565,Jason Delay,BOS,4,13,12,3,0,1,1,0,0.265,0.294,0.249,52,999
566,Spencer Jones,NYY,9,36,33,7,1,4,3,0,0.272,0.371,0.28,79,999
567,Leandro Cedeño,SDP,1,6,6,1,0,1,0,0,0.287,0.372,0.286,80,999
568,Vinny Capra,BOS,4,10,9,2,0,1,1,0,0.28,0.317,0.265,63,999
569,Chad Wallach,ATH,5,12,11,2,0,1,1,0,0.249,0.306,0.246,51,999
570,Braden Montgomery,CHW,32,128,116,26,3,13,9,1,0.287,0.358,0.283,79,999
571,Vimael Machín,COL,5,16,15,4,0,2,1,0,0.3,0.346,0.283,66,999
572,Cristian Pache,NYM,3,8,8,2,0,1,1,0,0.26,0.307,0.252,61,999
573,Sandy León,ATL,4,9,8,1,0,1,1,0,0.248,0.289,0.241,50,999
574,Jack Winkler,HOU,4,6,6,1,0,1,0,0,0.256,0.298,0.246,55,999
575,Patrick Wisdom,SEA,2,7,6,1,0,1,1,0,0.259,0.38,0.279,83,999
576,Oliver Dunn,TBR,4,12,10,2,0,1,1,0,0.268,0.304,0.256,61,999
577,Johnathan Rodríguez,BAL,30,108,98,23,3,11,8,1,0.299,0.372,0.294,88,999
578,Sergio Alcántara,PHI,4,11,10,2,0,1,1,0,0.271,0.272,0.246,54,999
579,Jared Oliva,SFG,6,27,25,5,0,3,1,0,0.274,0.326,0.265,69,999
580,Joey Wiemer,WSN,40,139,125,26,4,14,11,1,0.277,0.349,0.275,74,999
581,Dustin Harris,CHW,10,25,23,5,1,3,2,0,0.285,0.346,0.277,75,999
582,Grae Kessinger,NYM,3,8,7,1,0,1,1,0,0.259,0.293,0.246,58,999
583,Ronny Simon,PIT,4,12,10,2,0,1,1,0,0.291,0.334,0.276,73,999
584,Michael Siani,BAL,10,27,24,5,0,3,2,0,0.273,0.293,0.254,60,999
585,Kristian Robinson,ARI,4,14,12,3,0,2,1,0,0.288,0.344,0.279,76,999
586,Connor Joe,SEA,10,28,25,5,0,3,3,0,0.291,0.308,0.27,77,999
587,Brett Wisely,ATL,12,39,36,8,1,4,3,0,0.272,0.312,0.258,62,999
588,Davis Wendzel,PIT,5,15,14,3,0,1,1,0,0.268,0.321,0.261,63,999
589,Ji Hwan Bae,NYM,10,25,23,5,0,3,2,0,0.296,0.312,0.272,75,999
590,Wilmer Flores,,18,69,62,14,2,7,5,1,0.299,0.389,0.301,91,999
591,Mark Canha,,26,99,87,19,1,10,9,3,0.314,0.326,0.289,85,999
592,Trey Mancini,LAA,3,10,9,2,0,1,1,0,0.292,0.357,0.285,80,999
593,MJ Melendez,NYM,28,103,92,19,3,11,10,1,0.279,0.365,0.282,82,999
594,Victor Bericoto,SFG,4,19,18,4,0,2,1,0,0.281,0.355,0.278,78,999
595,Kemp Alderman,MIA,4,14,13,3,0,1,1,0,0.275,0.362,0.278,75,999
596,Donovan Solano,,7,20,19,5,0,2,1,0,0.302,0.347,0.287,82,999
597,Rhylan Thomas,HOU,6,18,17,4,0,2,1,0,0.291,0.32,0.269,77,999
598,Dominic Fletcher,PIT,5,16,15,3,0,1,1,0,0.273,0.324,0.263,64,999
599,Ryan Ward,LAD,5,17,16,3,1,2,1,0,0.269,0.375,0.279,77,999
600,Aaron Schunk,ATL,7,17,16,4,0,2,1,0,0.262,0.327,0.258,62,999
601,Scott Kingery,CHC,3,7,7,1,0,1,0,0,0.238,0.299,0.237,49,999
602,Gabriel Rincones Jr.,PHI,12,47,42,9,1,5,4,1,0.293,0.353,0.284,79,999
603,Trey Lipscomb,WSN,7,23,21,5,0,2,1,0,0.271,0.317,0.258,62,999
604,Drew Gilbert,SFG,35,128,116,25,3,13,10,2,0.286,0.342,0.277,78,999
605,Tristin English,ATL,2,7,6,1,0,1,0,0,0.269,0.337,0.266,67,999
606,Petey Halpin,CLE,22,55,50,11,1,5,4,0,0.27,0.334,0.266,69,999
607,Junior Perez,CHW,11,43,39,8,1,5,3,0,0.27,0.349,0.272,69,999
608,Chas McCormick,CHC,24,82,73,16,2,9,6,1,0.284,0.336,0.275,76,999
609,Ben Gamel,ATL,10,43,38,8,1,5,4,0,0.303,0.343,0.287,82,999
610,Ethan Murray,MIL,4,15,14,3,0,1,1,0,0.263,0.299,0.251,58,999
611,Tyler Callihan,PIT,19,57,52,11,1,6,4,0,0.279,0.337,0.271,70,999
612,Wade Meckler,LAA,11,33,29,7,0,3,3,0,0.305,0.319,0.279,75,999
613,Jase Bowen,SDP,3,12,11,2,0,1,1,0,0.262,0.331,0.261,68,999
614,Akil Baddoo,MIL,8,31,28,6,1,3,3,0,0.283,0.342,0.276,75,999
615,Sterlin Thompson,COL,7,26,24,6,1,3,2,0,0.303,0.374,0.297,75,999
616,Rece Hinds,MIA,8,26,24,5,1,3,1,0,0.268,0.391,0.284,75,999
617,A.J. Vukovich,ARI,6,24,22,5,1,2,1,0,0.277,0.358,0.277,74,999
618,Christian Franklin,WSN,20,77,68,15,1,8,7,1,0.305,0.328,0.283,80,999
619,José Barrero,BAL,4,9,9,2,0,1,1,0,0.246,0.317,0.248,57,999
620,Jhonkensy Noel,BAL,7,26,24,5,1,3,1,0,0.267,0.39,0.284,82,999
621,Kevin Newman,KCR,9,26,24,6,0,2,1,0,0.272,0.31,0.256,58,999
622,Tristan Peters,CHW,8,30,27,6,1,3,2,0,0.283,0.339,0.274,73,999
623,Vidal Bruján,NYM,11,34,31,7,0,4,2,0,0.274,0.303,0.257,65,999
624,Eloy Jiménez,TOR,7,27,25,6,1,3,2,0,0.298,0.372,0.293,87,999
625,Nicky Lopez,CHC,11,31,28,7,0,3,2,0,0.309,0.301,0.274,60,999
626,Tyler Locklear,ARI,48,189,170,40,5,21,14,3,0.306,0.379,0.3,90,999
627,Jose Miranda,,10,40,37,8,1,4,2,0,0.275,0.341,0.27,74,999
628,Tim Elko,CHW,5,16,15,3,1,2,1,0,0.271,0.368,0.278,76,999
629,Chadwick Tromp,ATL,15,45,42,8,1,4,3,0,0.25,0.298,0.243,52,999
630,Heston Kjerstad,BAL,16,60,55,12,2,6,4,1,0.286,0.362,0.284,82,999
631,Tyrone Taylor,NYM,75,281,259,57,5,31,14,5,0.272,0.35,0.272,75,999
632,José Azocar,,5,13,12,3,0,1,1,0,0.272,0.313,0.258,62,999
633,Niko Kavadas,LAA,8,22,20,4,1,2,2,0,0.278,0.343,0.276,73,999
634,Zach Dezenzo,HOU,30,115,105,24,3,12,8,1,0.285,0.363,0.285,81,999
635,Jorge Barrosa,ARI,36,125,114,26,2,13,9,1,0.283,0.33,0.271,70,999
636,Dairon Blanco,TEX,9,19,18,4,0,3,1,0,0.272,0.322,0.263,67,999
637,Joey Meneses,ATH,14,40,37,9,1,4,2,0,0.293,0.363,0.286,79,999
638,Mason McCoy,SDP,22,66,60,12,1,6,4,0,0.248,0.287,0.238,52,999
639,Nick Sogard,BOS,24,90,81,19,1,9,8,1,0.298,0.319,0.276,70,999
640,Matt Koperniak,STL,10,34,31,7,1,3,2,0,0.282,0.335,0.272,74,999
641,LaMonte Wade Jr.,CHW,28,97,83,18,2,10,12,1,0.321,0.344,0.296,88,999
642,Abraham Toro,KCR,13,38,34,8,1,4,2,0,0.288,0.359,0.283,77,999
643,Oswaldo Cabrera,NYY,36,136,123,27,3,14,10,1,0.281,0.338,0.273,73,999
644,Miguel Andujar,SDP,86,339,317,83,7,36,17,2,0.3,0.379,0.295,91,722.9
645,Carlos Cortes,ATH,41,146,133,30,4,15,11,1,0.285,0.38,0.289,81,999
646,Nick Allen,HOU,36,130,118,26,1,12,9,1,0.276,0.285,0.252,59,999
647,Tyler Black,MIL,11,37,33,7,1,4,4,1,0.301,0.331,0.282,80,999
648,Pedro León,PHI,8,30,27,5,1,3,2,0,0.264,0.331,0.263,64,999
649,Jorbit Vivas,WSN,9,26,23,5,0,2,2,1,0.303,0.319,0.279,76,999
650,Eric Wagaman,NYM,31,120,111,27,3,12,7,1,0.289,0.37,0.288,82,748.2
651,Daniel Johnson,HOU,9,21,19,4,0,2,1,0,0.253,0.327,0.254,58,999
652,Myles Straw,TOR,47,158,143,33,1,16,12,1,0.289,0.3,0.262,66,999
653,Bryan De La Cruz,PHI,12,43,40,9,1,4,3,0,0.274,0.36,0.276,73,999
654,Grant McCray,SFG,20,62,57,12,1,7,4,0,0.266,0.319,0.259,66,999
655,Billy Cook,PIT,17,56,52,11,1,6,4,1,0.269,0.335,0.265,65,999
656,Warming Bernabel,,20,64,60,15,1,6,3,1,0.282,0.368,0.282,79,999
657,Yanquiel Fernández,NYY,23,77,71,16,2,7,5,0,0.271,0.358,0.273,74,999
658,DaShawn Keirsey Jr.,ATL,14,27,25,5,0,3,2,0,0.262,0.307,0.252,58,999
659,Tristan Gray,MIN,25,90,82,16,2,8,6,1,0.255,0.331,0.257,60,999
660,Tyler Wade,,20,61,55,11,0,6,5,0,0.276,0.268,0.247,56,999
661,Justin Foscue,TEX,12,43,39,8,1,4,3,1,0.279,0.348,0.276,76,999
662,Michael Toglia,CIN,20,66,60,12,3,7,6,0,0.278,0.387,0.289,79,999
663,Angel Martínez,CLE,74,291,265,61,6,30,18,3,0.286,0.359,0.282,80,748.6
664,Kris Bryant,COL,19,75,67,17,2,8,6,1,0.322,0.395,0.315,88,999
665,Tyler Tolbert,KCR,53,122,111,24,1,14,7,1,0.268,0.309,0.255,57,999
666,Robert Hassell III,WSN,56,210,193,46,3,20,14,1,0.291,0.336,0.277,75,999
667,Matt Mervis,,11,39,36,7,1,4,3,0,0.265,0.361,0.273,73,999
668,John Rave,KCR,30,104,94,20,2,11,9,1,0.281,0.335,0.272,69,999
669,Paul Goldschmidt,NYY,83,341,312,74,9,36,24,2,0.296,0.376,0.293,87,748.4
670,Ildemaro Vargas,ARI,24,92,85,20,1,9,5,1,0.273,0.312,0.258,61,999
671,Will Brennan,SFG,41,154,143,36,2,16,8,1,0.294,0.341,0.279,79,999
672,Yohandy Morales,WSN,15,58,53,12,1,5,4,0,0.284,0.341,0.276,74,999
673,Nate Eaton,BOS,24,81,75,16,2,9,5,1,0.272,0.336,0.267,64,999
674,Ryan Kreidler,MIN,29,100,90,17,2,10,8,1,0.264,0.29,0.25,56,999
675,Zac Veen,COL,32,119,108,26,3,14,9,1,0.298,0.37,0.292,72,743.7
676,Christian Encarnacion-Strand,BAL,26,90,83,20,3,10,5,1,0.286,0.416,0.303,88,999
677,Jeimer Candelario,LAA,34,135,122,25,4,13,10,2,0.272,0.35,0.274,72,999
678,Matthew Lugo,LAA,19,66,62,13,2,7,3,1,0.263,0.354,0.269,69,999
679,Justin Turner,,36,124,113,27,2,12,8,2,0.294,0.346,0.283,79,999
680,Bryce Johnson,SDP,52,157,141,30,1,16,11,2,0.282,0.295,0.259,67,999
681,Deyvison De Los Santos,MIA,21,82,77,18,2,8,4,1,0.281,0.367,0.281,77,999
682,Jarred Kelenic,CHW,28,98,89,19,3,10,8,1,0.274,0.351,0.273,73,999
683,Rowdy Tellez,ATL,32,121,109,24,5,13,9,1,0.283,0.394,0.293,86,999
684,George Valera,CLE,91,349,311,68,10,37,33,3,0.297,0.366,0.292,87,748.3
685,Blaine Crim,TEX,40,155,141,35,4,16,11,2,0.309,0.398,0.307,82,999
686,Jac Caglianone,KCR,121,494,447,102,15,54,38,6,0.295,0.384,0.296,85,164.6
687,Ryan Vilade,TBR,44,150,137,31,3,15,10,1,0.281,0.341,0.273,72,999
688,Jerar Encarnacion,SFG,36,136,125,28,4,14,9,1,0.28,0.358,0.28,80,999
689,Abimelec Ortiz,WSN,51,200,182,40,6,19,14,2,0.28,0.367,0.282,79,999
690,Charlie Condon,COL,43,172,156,38,5,19,12,3,0.302,0.39,0.303,79,999
691,Andrés Chaparro,WSN,76,286,260,58,9,27,21,3,0.287,0.376,0.288,83,999
692,Dominic Smith,ATL,61,230,207,50,5,24,18,3,0.306,0.36,0.293,86,999
693,Adam Frazier,LAA,79,299,272,61,4,29,19,3,0.282,0.325,0.268,68,999
694,Troy Johnston,COL,59,221,203,51,5,25,14,3,0.304,0.377,0.298,76,748.4
695,TJ Rumfield,COL,66,267,242,59,5,27,20,3,0.307,0.371,0.297,76,999
696,Carlos Santana,ARI,84,345,309,66,9,35,31,2,0.288,0.346,0.28,77,999
697,Griffin Conine,MIA,84,344,309,64,9,33,29,3,0.282,0.345,0.277,74,999