Name,Level,Team,Age,G,GS,IP,ERA,FIP,WHIP,SO,BB,K/9,BB/9,K%,BB%,HR
Justin Hagenman,"A,AA,AAA",NYM,29,6,5,19.1,3.258621265644511,5.451700229788843,1.0862070885481703,13,5,6.051725207625521,2.327586618317508,0.15662651,0.06024096,3
Eduarniel Núñez,"AA,AAA,CPX",CHC,27,37,1,39.1,5.033898742436647,5.775000408351961,1.805084902590919,50,36,11.44067896008329,8.237288851259969,0.26315789,0.18947368,5
Michael Mercado,"A,A+,AAA",PHI,27,41,2,59.2,4.223464289072078,4.815360422520922,1.5418996610898061,59,31,8.899442609116164,4.675978320044086,0.21376812,0.11231884,7
Cam Sanders,AAA,PIT,29,28,1,30.2,3.2282615388500253,4.007447189194066,1.3369567989176872,51,20,14.967394407395572,5.869566434272773,0.38636364,0.15151515,4
Wilkin Ramos,"AA,AAA",SFG,25,40,0,63,4.571428441676967,5.228132780051628,1.412698372601563,55,27,7.857142634132288,3.857142747664941,0.19298246,0.09473684,5
Luinder Avila,AAA,KCR,24,4,4,10.2,4.218748742714899,5.266957419738332,1.6874994970859596,9,7,7.593747736886818,5.906248239800859,0.1875,0.14583333,1
Adam Macko,AAA,TEX,25,25,1,33.1,4.590000437736553,3.927881964890863,1.4400001373291147,38,15,10.260000978469941,4.050000386238135,0.26027397,0.10273973,3
Daniel Espino,AAA,CLE,25,41,1,36.2,3.681817671090189,4.5493441666847625,1.336363450988291,49,22,12.027271058894618,5.399999250932277,0.31012658,0.13924051,5
Anthony Nunez,AAA,BAL,24,11,0,13,4.846153846153846,3.639554104438195,1.3846153846153846,21,6,14.538461538461538,4.153846153846154,0.36842105,0.10526316,2
Connor Thomas,"A+,AAA",ATL,28,20,2,41.1,2.395161460716828,4.006348681256947,1.0887097548712856,35,14,7.620968284098999,3.0483873136395996,0.21604938,0.08641975,3
Seth Johnson,AAA,OAK,27,31,0,34.1,2.097087572809569,2.880342288079788,1.1359224352718498,47,14,12.320389490256217,3.669903252416745,0.32867133,0.0979021,2
Tyler Owens,"A,AA",DET,25,44,0,52.1,4.127388785744247,4.190929507604485,1.375796261914749,54,19,9.286624767924556,3.267516122047529,0.23478261,0.0826087,6
Blas Castaño,AAA,SEA,27,24,0,30.2,3.815218182277303,5.1076890958956,1.2391306916798077,23,16,6.750001399413689,4.695653147418218,0.1796875,0.125,2
Alec Gamboa,AAA,BOS,29,17,8,51.1,3.681818546623978,4.187006721377561,1.2077923274639504,47,13,8.240260556729854,2.2792210050529387,0.22488038,0.06220096,7
Blake Walston,AAA,ARI,25,9,0,11.2,3.0857134449240973,5.186881042013459,1.4571424601030458,10,3,7.7142836123102425,2.314285083693073,0.18867925,0.05660377,2
Gavin Collyer,AAA,TEX,25,28,0,30.1,2.3736266223809612,3.439628596721009,1.3846155297222273,42,18,12.461539767500046,5.340659900357163,0.31818182,0.13636364,1
Marc Church,"AAA,CPX",TEX,25,32,0,34,6.352941221019389,4.675693930160431,1.9705882491124955,45,24,11.911764789411354,6.352941221019389,0.26785714,0.14285714,3
Ben Peoples,AAA,TEX,25,38,0,46.1,3.107913114659282,3.951908889148679,1.1438846880343192,54,27,10.489206761975076,5.244603380987538,0.28571429,0.14285714,3
Cody Laweryson,AAA,MIN,28,8,0,9,7,5.596819061703153,1.3333333333333333,8,3,8,3,0.2,0.075,2
Sam Aldegheri,AAA,LAA,24,21,21,100.1,7.445183101676008,6.323094139703747,1.634551577877999,90,57,8.073090110251094,5.1129570698256925,0.19693654,0.12472648,18
Trevor McDonald,AAA,SFG,25,5,4,15,5.4,5.701167106628418,1.5333333333333334,12,15,7.2,9,0.17647059,0.22058824,0
Jairo Iriarte,"AA,AAA",CHW,24,45,0,64.1,2.5181343915104537,4.06996416220377,1.1813469984863856,64,28,8.953366725370502,3.9170979423495944,0.23791822,0.10408922,5
Jose Franco,"A+,AAA",CIN,25,17,10,60.2,4.3021974415037185,4.634369614472302,1.3186812081237451,55,34,8.159339975265672,5.043955621073325,0.21072797,0.1302682,5
Hancel Rincon,"AA,AAA",STL,24,47,3,80,3.8250006497652445,4.179527351584708,1.2000002038479198,103,32,11.587501968406475,3.6000006115437593,0.31117825,0.09667674,12
Rolddy Muñoz,"AA,AAA",ATL,26,45,0,55.1,3.578312703098936,3.5805133100583313,1.301204619308704,76,28,12.361443883432688,4.5542161675804635,0.3127572,0.11522634,4
Kyle Hurt,AAA,LAD,28,13,0,11,7.363636363636363,4.901167106628418,2.1818181818181817,19,11,15.545454545454545,9,0.32758621,0.18965517,1
Zach McCambley,AAA,MIA,27,35,2,64.1,2.6580307465943678,4.37171819945683,1.3212433535702997,72,36,10.072537566041815,5.036268783020907,0.27067669,0.13533835,6
Dax Fulton,AAA,MIA,24,19,11,58.2,5.062499561093109,5.39479869416924,1.5511362291564743,62,38,9.511362811750688,5.829544949137519,0.23396226,0.14339623,8
Braxton Roxby,AAA,SFG,27,40,0,64.1,3.777202371168571,4.740545411332545,1.1036270302591298,60,26,8.39378304704127,3.6373059870512168,0.23076923,0.1,6
Shane Drohan,AAA,MIL,27,3,2,13.2,3.2926821609399,4.875951529655556,1.5365850084386201,17,7,11.19511934719566,4.60975502531586,0.26984127,0.11111111,2
Coleman Crow,AAA,MIL,25,20,19,105.1,3.5886077682209145,3.8939358184055313,1.2626582888184699,102,35,8.715190294250792,2.9905064735174287,0.23340961,0.08009153,10
Andry Lara,AAA,WSN,23,34,20,110,5.318181818181818,4.885707950592041,1.4363636363636363,91,42,7.445454545454545,3.4363636363636365,0.18762887,0.08659794,15
Jose Corniell,AAA,TEX,23,10,9,35.1,6.367925444970105,4.269091687893358,1.7264153428585618,27,16,6.877359480567714,4.075472284780867,0.16363636,0.0969697,1
Emiliano Teodo,AAA,TEX,25,51,0,60.1,3.729282082344357,4.497852239803516,1.4254144848071766,76,45,11.337017530326845,6.7127077482198425,0.28358209,0.16791045,2
Eiberson Castellano,"AA,AAA",COL,25,25,13,112.2,4.4733725791176076,4.948982229839297,1.5621301069934503,110,68,8.786981851838158,5.431952417499952,0.21526419,0.13307241,9
Brandan Bidois,AAA,MIA,25,22,0,22.1,8.865672998371192,5.858842642075238,2.104477933956798,31,21,12.492539224977588,8.462687862081593,0.27192982,0.18421053,4
Luis Perales,AAA,WSN,23,25,19,96.1,3.6435988082937913,4.627576522991806,1.2975779231815496,97,55,9.062284215499941,5.138408575798937,0.23543689,0.13349515,10
José Rodríguez,"AAA,CPX",TOR,24,28,3,38,3.78947465901915,3.557740644014328,1.394737200888993,51,23,12.078950475623541,5.447369822340028,0.31097561,0.1402439,1
Winston Santos,"AA,AAA",TEX,24,25,19,83.1,6.8040004152832285,5.51617798431754,1.632000099609381,103,39,11.12400067895512,4.212000257080094,0.26822917,0.1015625,16
Alimber Santa,AAA,HOU,23,48,0,45.2,4.927006750509805,4.974159687850554,1.5766421601631375,47,23,9.262772690958434,4.532846210469021,0.22488038,0.11004785,5
Wilber Dotel,"AA,AAA",PIT,23,14,5,39,4.153846153846154,3.930419868077988,1.4102564102564104,38,16,8.76923076923077,3.6923076923076925,0.22093023,0.09302326,3
Antwone Kelly,AAA,PIT,22,23,17,91.1,4.237226513339217,5.642642377278929,1.4452555549374075,71,49,6.996350754583359,4.828467422177248,0.17617866,0.12158809,12
Miguel Ullola,AAA,HOU,24,39,10,66.1,4.206030473260964,4.9865943255344725,1.3115578895114832,90,42,12.211056212693121,5.69849289925679,0.3180212,0.14840989,9
Bradgley Rodriguez,AA,SDP,22,1,0,1,0,1.7023694038391115,0,1,0,9,0,0.33333333,0,0
Jedixson Paez,"AA,AAA",BOS,22,22,12,70.2,3.693396060269011,3.6925214993812654,0.9481131648966428,82,8,10.44339575662272,1.0188678786948997,0.29927007,0.02919708,11
Yilber Díaz,AAA,ARI,25,44,0,54,3.5,4.34301708009508,1.537037037037037,68,37,11.333333333333334,6.166666666666667,0.27983539,0.15226337,4
Welinton Herrera,AAA,COL,22,16,1,22.2,5.161763981964451,3.4599906979135078,1.72058799398815,34,14,13.499998106676255,5.558822749807869,0.31775701,0.13084112,1
Walbert Ureña,AAA,LAA,22,2,2,8.1,6.480002471924771,5.221167610168649,1.5600005950930005,7,4,7.560002883912233,4.320001647949847,0.18918919,0.10810811,1
Kendry Rojas,"A,AAA",MIN,23,15,9,39.1,2.7457629420982825,3.5970698760458264,1.2203390853770144,40,14,9.152543140327607,3.203390099114663,0.25,0.0875,3
River Ryan,AAA,DET,27,10,10,41,4.3902441066762465,3.0733911970088386,1.341463477039964,47,9,10.317073650689178,1.9756098480043107,0.26404494,0.0505618,2
Andrew Hoffmann,"A,AAA",ARI,26,16,0,16.1,8.265307731104429,4.515787619886693,2.142857559915963,14,13,7.714287215697467,7.163266700290505,0.1686747,0.15662651,0
Robert Gasser,AAA,MIL,27,7,7,26.2,3.3749995976686957,2.023208124935606,1.3124998435378261,38,8,12.824998471141043,2.6999996781349567,0.33333333,0.07017544,1
Chayce McDermott,AAA,NYM,27,40,1,41.1,3.9193551401442206,3.822976277859686,1.5241936656116413,66,30,14.370968847195476,6.532258566907034,0.34736842,0.15789474,3
Tanner McDougal,"A+,AAA",CHW,23,27,7,49.2,4.711408913487284,5.746141332159528,1.4295300549469963,53,31,9.604025862108692,5.6174490891579145,0.23766816,0.13901345,8
Riley Martin,AAA,CHC,28,2,1,4,2.25,5.735707950592041,1.25,5,2,11.25,4.5,0.29411765,0.11764706,1
Tyler Uberstine,"A+,AAA",BOS,27,33,4,56.1,3.1952664524996184,3.5201229182596023,1.0295858569165437,66,20,10.54437929324874,3.1952664524996184,0.28695652,0.08695652,4
Mitch Bratt,AAA,ARI,22,16,16,63,3.4285714285714284,4.377357582818894,1.1428571428571428,60,22,8.571428571428571,3.142857142857143,0.23529412,0.08627451,6
Julian Aguiar,"A+,AAA",CIN,25,16,16,58,6.051724336943933,5.66943035087221,1.4655172895733173,56,31,8.689655458175904,4.810344985775947,0.21621622,0.11969112,10
Tyler Samaniego,AAA,BOS,27,30,0,37.2,4.539822395821307,4.547654709848487,1.5398228009218469,35,14,8.362830729144513,3.345132291657805,0.20710059,0.08284024,5
Andrew Painter,AAA,PHI,23,5,5,23.2,4.563379668735495,3.485707950592041,1.436619525342656,25,8,9.50704097653228,3.04225311249033,0.24752475,0.07920792,2
Nate Lavender,"A,A+,AAA",NYM,26,34,2,43,3.7674418604651163,2.7507903875306594,1.1395348837209303,70,16,14.651162790697674,3.3488372093023258,0.40229885,0.09195402,4
Eric Cerantola,AAA,SFG,26,47,1,51,3.176470588235294,4.614848288084738,1.2352941176470589,69,26,12.176470588235293,4.588235294117647,0.31363636,0.11818182,7
Ty Madden,AAA,DET,26,18,11,50.2,4.440789027887743,5.656760364226049,1.5197366895438054,40,29,7.105262444620389,5.151315272349782,0.1754386,0.12719298,7
Doug Nikhazy,AAA,CHW,26,18,9,48.2,9.986303065860955,6.876119485297921,2.1575346129946507,55,39,10.17123460411764,7.21232999201069,0.22088353,0.15662651,11
Dylan Smith,AAA,SFG,26,15,0,20.1,3.983607180174402,4.392970462205505,1.2295083889427167,23,10,10.180329460445694,4.42623020019378,0.27710843,0.12048193,2
Carlos Rodriguez,"AAA,CPX",MIL,24,23,12,53.2,8.888200146374666,6.502247677520249,2.291925823907933,52,45,8.720498256820427,7.546585029940754,0.18245614,0.15789474,9
Ricky Tiedemann,"A,AAA,CPX",TOR,23,11,2,12,3.75,2.0748908042907717,1.25,17,4,12.75,3,0.33333333,0.07843137,0
Marco Raya,AAA,MIN,23,46,1,64.1,5.316062596459471,5.211096688039413,1.1968912863373662,73,24,10.212436040566878,3.3575132188165075,0.27756654,0.09125475,14
Robby Ahlstrom,AAA,TEX,27,22,0,30.1,2.6703299501785813,3.3736945238770932,0.9230770198148183,33,8,9.791209817321464,2.3736266223809612,0.27731092,0.06722689,2
Chase Petty,AAA,CIN,23,22,10,58.1,6.171429109534485,5.371422400727578,1.5942858532964088,57,25,8.794286481086642,3.8571431934590534,0.21590909,0.09469697,11
Mike Paredes,"AA,AAA",MIN,25,13,10,48.2,4.438355700521004,4.205569389305487,1.1712327543041539,54,9,9.986300326172259,1.6643833876953764,0.27,0.045,8
Franco Aleman,AAA,CLE,26,33,0,34,1.3235294117647058,1.9857079505920412,0.7941176470588235,50,9,13.235294117647058,2.3823529411764706,0.38461538,0.06923077,1
Carter Baumler,AAA,TEX,24,11,0,13.2,2.6341457287519203,4.852386397566612,1.3902435790635135,12,8,7.902437186255761,5.268291457503841,0.20689655,0.13793103,1
Jose Cabrera,"AA,AAA",ARI,24,20,19,97.1,5.178082462367357,4.415421620225489,1.2739726693126034,103,28,9.523973100425673,2.5890412311836783,0.25245098,0.06862745,13
Didier Fuentes,AAA,ATL,21,3,3,16.2,2.159999588012774,3.485707950592041,0.8399998397827454,20,6,10.79999794006387,3.239999382019161,0.31746032,0.0952381,1
Luis De León,"AA,AAA",BAL,23,26,22,99,4.7272727272727275,4.62996703253852,1.4747474747474747,121,53,11,4.818181818181818,0.27130045,0.11883408,13
Yunior Marte,"A+,AA",SFG,22,22,20,107.2,3.8452016016911466,4.049739078817024,1.2910217938045154,113,41,9.44582132589347,3.427244905855152,0.24944812,0.09050773,11
Eduardo Rivera,"AA,AAA",BOS,23,26,5,55.2,2.586826110947102,3.596113017267918,1.2395208448288197,71,30,11.479040867327765,4.8502989580258165,0.29957806,0.12658228,3
Logan Henderson,AAA,MIL,24,7,5,24,1.5,1.7773746172587084,1.125,37,11,13.875,4.125,0.37755102,0.1122449,0
Paul Gervase,AAA,LAD,26,39,0,49,4.591836734693878,5.227697718873316,1.469387755102041,68,36,12.489795918367347,6.612244897959184,0.31192661,0.16513761,6
Zach Maxwell,AAA,CIN,25,41,0,46.1,4.661871015356161,3.766283520960699,1.6618706860297427,59,33,11.460432912750564,6.410072646114722,0.2744186,0.15348837,2
Carson Palmquist,AAA,COL,25,24,8,41.2,5.399999588012727,4.958983331811876,1.6799998718261817,37,27,7.991999390258836,5.831999555053745,0.19371728,0.14136126,2
Gabriel Hughes,"A+,AAA",COL,24,11,9,46.2,4.628570924097233,2.9141904408020753,1.2214284383034364,58,14,11.185713066568313,2.699999705723386,0.29591837,0.07142857,2
William Kempner,AAA,MIA,25,24,0,31.2,3.978946968987418,3.706760559980231,1.2947367121308264,52,21,14.778945884810408,5.9684204534811265,0.37956204,0.15328467,3
Mason Adams,"A+,AAA,CPX",CHW,26,17,15,62,3.4838709677419355,3.9809902314216865,1.1935483870967742,61,22,8.85483870967742,3.193548387096774,0.24302789,0.0876494,5
Carson Whisenhunt,AAA,SFG,25,17,16,82.1,4.153846410456138,3.876875607152067,1.4210527193665736,90,38,9.838057287922434,4.153846410456138,0.24861878,0.10497238,4
Cameron Weston,AAA,NYM,25,35,7,57.2,7.179191780415498,4.977037644108304,1.7687863806820792,76,32,11.861273376338648,4.994220368984695,0.26950355,0.11347518,10
Blade Tidwell,AAA,SFG,25,16,15,72,4.375,4.803944884406197,1.4583333333333333,78,35,9.75,4.375,0.24605678,0.11041009,8
Josh White,AAA,MIA,25,36,1,56,2.4107142857142856,4.610707950592041,1.2142857142857142,62,31,9.964285714285714,4.982142857142857,0.26956522,0.13478261,7
Mason Barnett,AAA,OAK,25,14,14,66.1,5.155779289803762,5.634835581270034,1.5678393161976352,50,36,6.783920118162845,4.884422485077248,0.16778523,0.12080537,8
David Sandlin,"A+,AAA",CHW,25,16,16,69.1,2.076923172149437,3.638320057598935,1.2403846722559138,75,35,9.735577369450485,4.5432694390768935,0.25684932,0.11986301,4
Garrett McDaniels,AAA,LAD,26,42,1,44.2,3.022387715537488,4.707137164105082,1.567164000649068,33,33,6.649252974182473,6.649252974182473,0.16836735,0.16836735,0
JR Ritchie,AAA,ATL,23,16,16,82.1,3.170040681663895,4.3480561820025265,1.1538462251267052,89,37,9.728745540278851,4.044534662812556,0.26176471,0.10882353,9
Owen Murphy,"AA,AAA",ATL,22,23,23,117.1,3.605113851245167,4.690702049787745,1.1931818893010009,121,52,9.281250553205643,3.9886366013776313,0.24845996,0.10677618,16
Alex McFarlane,"AA,AAA",PHI,25,36,0,39.1,1.830508622517717,3.0537737408384054,1.1186441582052715,55,20,12.584746779809304,4.576271556294293,0.34375,0.125,2
Blake Burkhalter,"A+,AA,AAA,CPX",ATL,25,31,0,41,1.975609756097561,3.064026405593217,1.170731707317073,50,14,10.975609756097562,3.073170731707317,0.29761905,0.08333333,3
Elmer Rodríguez,AAA,NYY,22,21,21,106.1,2.4545455719542106,3.7866484038584582,1.3072100938759972,105,54,8.887147760523865,4.5705331339837025,0.234375,0.12053571,5
Cade Winquest,AAA,STL,26,33,0,39.2,4.537814544188614,3.359657546586802,1.1596637168482014,57,14,12.93277145093755,3.17647018093203,0.34756098,0.08536585,4
Cooper Hjerpe,"A,AA,AAA,CPX",STL,25,15,15,42,3,4.115136228933469,1.2619047619047619,61,32,13.071428571428571,6.857142857142857,0.35057471,0.18390805,3
Connor Prielipp,AAA,MIN,25,5,4,18.2,1.9285711001377275,2.9499937561093392,1.0714283889654042,25,9,12.053569375860798,4.339284975309887,0.34246575,0.12328767,1
Peyton Pallette,AAA,CHW,25,25,3,33.2,3.2079203074358484,3.5451138822112234,1.6633660853371066,46,25,12.297027845170753,6.683167307158017,0.29487179,0.16025641,1
Matt Pushard,AAA,MIA,28,39,1,53,3.226415210450918,4.221557033677338,1.3018868393047562,52,22,8.830188997023564,3.7358491910484313,0.22707424,0.09606987,5
Trevor Martin,AAA,TBR,25,33,4,56.1,3.514792383721019,3.7033851487819085,1.5088755182640736,67,31,10.704140441332193,4.952661995243254,0.26377953,0.12204724,3
Duncan Davitt,"AA,AAA",ATL,26,32,11,76,6.039473835781345,4.836937765815833,1.434210562309731,80,31,9.473684448284462,3.671052723710229,0.24024024,0.09309309,12
Andrew Morris,AAA,MIN,24,2,2,7.1,1.2272732592813576,2.9402531686892157,0.9545458683299447,5,2,6.136366296406788,2.454546518562715,0.17857143,0.07142857,0
Robby Snelling,AAA,MIA,22,6,6,29,1.8620689655172413,2.899501054040317,0.896551724137931,44,15,13.655172413793103,4.655172413793103,0.4,0.13636364,2
Brycen Mautz,AAA,STL,24,31,16,85.2,3.7821016164224965,5.213334614883799,1.564202520372267,89,65,9.350195662822282,6.828794585207285,0.22361809,0.16331658,8
Hayden Harris,"AA,AAA",ATL,27,46,0,52.2,5.810126205282232,5.00166996234178,1.670885967532145,68,38,11.620252410564463,6.4936704647272,0.28215768,0.15767635,7
Tyler Schweitzer,AAA,CHW,25,25,4,52,4.326923076923077,4.312631027515118,1.3653846153846154,40,14,6.923076923076923,2.423076923076923,0.17777778,0.06222222,6
Samy Natera Jr.,"A,AAA",LAA,26,22,0,32,2.8125,5.026791107654572,1.28125,45,19,12.65625,5.34375,0.33333333,0.14074074,5
Cameron Foster,"A+,AAA",BAL,27,16,0,17,9.529411764705882,7.33290231368121,1.9411764705882353,20,9,10.588235294117647,4.764705882352941,0.23809524,0.10714286,6
Riley Cornelio,AAA,WSN,26,22,9,66,3.6818181818181817,3.3947988596829504,1.2121212121212122,103,30,14.045454545454545,4.090909090909091,0.37454545,0.10909091,8
Jake Bennett,AAA,BOS,25,9,9,39.1,1.6016951223722713,2.977233308569098,1.0169492840458865,41,9,9.381357145323303,2.05932230019292,0.2611465,0.05732484,2
Thomas Harrington,AAA,PIT,24,33,14,101.2,6.019672733461747,4.587347405081773,1.554098516155157,99,42,8.763935303128132,3.718033158902844,0.21336207,0.09051724,13
Austin Peterson,AAA,CLE,26,23,21,102,4.411764705882353,4.250413832944982,1.411764705882353,107,38,9.441176470588236,3.3529411764705883,0.24429224,0.08675799,13
Alex Cook,AAA,TBR,25,38,6,43.2,4.534350616880156,4.241433053405401,1.122137273874382,48,16,9.893128618647612,3.297709539549204,0.27586207,0.09195402,6
Drew Sommers,AAA,DET,25,17,0,21,3,3.247612712496803,1.2857142857142858,35,11,15,4.714285714285714,0.37634409,0.11827957,2
Noah Schultz,AAA,CHW,22,11,10,44.2,2.0149251436916584,3.687200464961207,0.873134228933052,44,13,8.865670632243297,2.619402686799156,0.26347305,0.07784431,4
Kohl Drake,AAA,ARI,25,21,19,80.1,7.506224541642726,6.664652758775492,1.7800831002568984,67,44,7.506224541642726,4.929460893019104,0.17402597,0.11428571,17
John Klein,AAA,TOR,24,32,19,86.1,6.359073593223365,5.860225412542478,1.6447877053510345,95,51,9.903475268134748,5.316602512367076,0.2375,0.1275,17
Jonah Tong,AAA,NYM,23,23,23,107,4.542056074766355,5.653932249657462,1.3738317757009346,126,59,10.598130841121495,4.962616822429907,0.26980728,0.12633833,22
Yunior Tur,AAA,OAK,26,34,6,61.1,5.869565704143831,5.189210691704425,1.581521870283199,77,41,11.298913980476875,6.016304846747427,0.27598566,0.14695341,8
Luis Gastelum,AAA,STL,24,36,0,43.2,2.267175308440078,3.3483033864441576,0.9847327097264985,49,17,10.099235464869437,3.5038163857710294,0.28,0.09714286,2
Brendan Beck,AAA,NYY,27,25,25,135.1,2.926108154439078,3.1458064983087137,1.0566501668807782,151,40,10.041871166370473,2.660098322217344,0.27962963,0.07407407,10
Jake Bloss,"A,AA,AAA,CPX",TOR,25,11,11,39.1,6.177965065642736,6.006515839726131,1.423728574798326,37,10,8.466100275140045,2.2881352094973098,0.21764706,0.05882353,10
Hunter Barco,"AAA,CPX",PIT,25,22,15,80,3.8250000854954145,4.238831329412213,1.525000034086407,81,42,9.112500203680252,4.725000105611982,0.22252747,0.11538462,5
Trent Harris,AAA,SFG,27,29,3,40.1,3.1239673360988314,4.173894413748157,1.3636365355986964,52,18,11.603307248367088,4.0165294321270695,0.29378531,0.10169492,4
Craig Yoho,AAA,MIL,26,19,0,23,0.782608695652174,3.007447081026824,0.6521739130434783,29,5,11.347826086956522,1.9565217391304348,0.35365854,0.06097561,2
George Klassen,AAA,LAA,24,19,19,91,3.956043956043956,4.769298974760286,1.4175824175824177,88,46,8.703296703296703,4.549450549450549,0.22278481,0.1164557,9
Sean Sullivan,AAA,COL,23,14,14,61,5.311475409836065,5.278216286956287,1.5573770491803278,59,22,8.704918032786885,3.2459016393442623,0.21376812,0.07971014,10
Ethan Pecko,"A,AAA",HOU,23,20,18,82.2,4.57258120783913,3.986671279846213,1.330645325032551,86,28,9.362904377956314,3.0483874718927533,0.24571429,0.08,7
Brandyn Garcia,AAA,ARI,26,10,0,12.1,2.189189753452444,4.7119781264256195,1.702703141574123,18,10,13.135138520714662,7.297299178174812,0.32727273,0.18181818,1
Andrew Sears,"A+,AA,AAA,CPX",DET,23,16,12,58.1,2.159999764578709,3.031577668925728,1.0285713164660517,67,20,10.33714173048382,3.0857139493981554,0.28510638,0.08510638,2
Connelly Early,AAA,WSN,24,2,2,2.2,10.124987024830519,6.110704586659212,2.6249966360671713,4,5,13.499982699774025,16.87497837471753,0.23529412,0.29411765,0
Matt Wilkinson,"AA,AAA,CPX",SFG,23,20,20,90,3.399999927944609,4.089644995010664,0.9999999788072379,96,31,9.599999796549483,3.0999999343024376,0.27195467,0.0878187,9
Josh Ekness,AAA,MIA,24,15,0,21,3.857142857142857,2.866660331544422,1.0476190476190477,33,6,14.142857142857142,2.5714285714285716,0.375,0.06818182,2
Kade Morris,AAA,OAK,24,18,18,97,4.082474226804123,5.478486694257284,1.3505154639175259,71,34,6.587628865979381,3.154639175257732,0.17191283,0.08232446,13
Trey Gibson,AAA,BAL,24,20,20,91.2,4.320000479403462,3.9984352802182093,1.4181819755617426,86,33,8.443637300652222,3.240000359552597,0.21772152,0.0835443,9
Andrew Walters,AAA,CLE,25,14,0,12.1,7.297299178174812,7.701925253537488,2.0270275494930035,23,11,16.783788109802067,8.027029095992294,0.37096774,0.17741935,5
Brandon Sproat,AAA,MIL,25,8,4,22.1,5.641791847825669,4.202125963014348,1.3880598990682202,32,15,12.89552422360153,6.044776979813217,0.31683168,0.14851485,2
Quinn Mathews,AAA,STL,25,21,21,99,3.272727272727273,4.768536233420324,1.2323232323232323,120,61,10.909090909090908,5.545454545454546,0.2919708,0.14841849,13
Ty Johnson,AAA,TBR,24,21,10,62.1,3.032085808908865,3.389451258245728,0.9625669234631318,84,25,12.12834323563546,3.609625962986744,0.34285714,0.10204082,6
Khristian Curtis,"AA,AAA",PIT,24,22,17,86.1,4.899614188270963,4.598967166586679,1.3899614718499185,108,48,11.25868792198434,5.003861298659706,0.28647215,0.12732095,12
Rhett Lowder,AAA,CIN,24,1,1,5,5.4,0.285707950592041,1.2,8,0,14.4,0,0.38095238,0,0
Zac Thornton,"AA,AAA",NYM,24,14,13,62.2,4.021276269362732,4.456953188511037,1.356382868634255,65,27,9.335105625306342,3.8776592597426345,0.24163569,0.10037175,8
Brody Hopkins,AAA,TBR,24,31,19,94,5.170212765957447,4.804856886762254,1.7127659574468086,122,92,11.680851063829786,8.808510638297872,0.27853881,0.21004566,5
Jonathan Pintaro,AAA,NYM,28,25,0,40.1,4.0165294321270695,3.7584352577117803,1.2396695778169966,47,20,10.487604628331791,4.462810480141188,0.27810651,0.1183432,3
Tyler Davis,AAA,CHW,27,23,1,25,6.12,5.085707950592042,1.4,27,12,9.72,4.32,0.24545455,0.10909091,4
Hagen Smith,AAA,CHW,22,20,14,58.1,4.32000037667414,4.54856518612298,1.3542858323700677,87,40,13.422858313237507,6.171429109534485,0.3452381,0.15873016,8
Dylan Ross,"A,A+,AAA",NYM,25,49,2,48,5.8125,6.065677893161775,1.75,57,38,10.6875,7.125,0.25333333,0.16888889,9
Ryan Johnson,"A,AA,AAA",LAA,23,6,6,28.2,2.5116284849066077,2.6668373328507453,0.8372094949688692,37,4,11.61628174269306,1.2558142424533039,0.32743363,0.03539823,2
Gage Jump,AAA,OAK,23,9,9,38,4.5,4.216956580312628,1.4736842105263157,56,20,13.263157894736842,4.7368421052631575,0.33136095,0.1183432,4
Trey Yesavage,"A,AAA",TOR,22,5,4,12.2,7.8157933966954865,6.053152212271263,1.8947377931382998,16,8,11.368426758829798,5.684213379414899,0.26229508,0.13114754,3
Jackson Kent,"AA,AAA",WSN,23,20,20,94.1,3.7208477305286225,3.7985776089485346,1.123674813208074,105,30,10.01766696680783,2.8621905619450945,0.27202073,0.07772021,11
Payton Tolle,AAA,BOS,23,3,3,15,3,2.6190412839253745,1.0666666666666667,19,4,11.4,2.4,0.31147541,0.06557377,1
Kade Anderson,AA,SEA,21,18,18,93.1,1.0607143435186301,1.8166550153615468,0.6428571778900788,135,13,13.017857852274096,1.2535714968856537,0.40540541,0.03903904,4
Robinson Ortiz,AAA,SEA,26,43,0,49,5.6938775510204085,5.146065065812092,1.530612244897959,61,31,11.204081632653061,5.6938775510204085,0.27232143,0.13839286,6
Steven Pérez,AAA,CLE,25,47,1,58.1,4.7828575598892265,4.788565207049322,1.422857266920451,63,35,9.720000847516815,5.400000470842675,0.24609375,0.13671875,7
Juan Carela,"A+,AA,CPX",CHW,24,16,16,55,4.74545468945149,4.931253388346901,1.4909091361495104,54,27,8.836363904495878,4.418181952247939,0.2231405,0.11157025,7
Angel Bastardo,AAA,BOS,24,40,0,54.1,4.638037243992835,4.350738706416101,1.3619633176804353,73,33,12.09202567183846,5.466258180420126,0.31601732,0.14285714,7
Luis Velasquez,"A,A+,AA,CPX",NYY,24,26,0,31,2.9032267442482,2.947069156397556,1.0967745478270978,37,14,10.74193895371834,4.06451744194748,0.28461538,0.10769231,0
Jared Johnson,"AA,AAA",OAK,25,40,0,49.2,5.436241054023788,5.868497439787381,1.6912749945851786,37,24,6.704697299962672,4.348992843219031,0.16299559,0.10572687,8
Sem Robberse,"A,CPX",STL,24,5,5,9,6,3.3702438460456,1.3333333333333333,9,0,9,0,0.24324324,0,1
Stevie Emanuels,"AA,AAA",OAK,27,45,0,51,5.294117449064164,5.656303358317476,1.4509803378916595,64,34,11.294117224670215,5.999999775606051,0.28444444,0.15111111,9
Tink Hence,AAA,STL,23,19,3,20.1,6.63934530029067,7.174233117420192,1.8196724156352209,20,18,8.85246040038756,7.967214360348804,0.2020202,0.18181818,4
Carson Coleman,AAA,NYY,28,37,1,44,7.9772727272727275,4.735707950592041,1.7272727272727273,44,25,9,5.113636363636363,0.21256039,0.12077295,5
José Davila,"A,A+,AA",STL,23,31,0,39.2,4.99159746871794,4.45024948617936,1.5126052935508907,53,22,12.025212083729581,4.99159746871794,0.29444444,0.12222222,4
Alejandro Hidalgo,"AA,AAA",MIN,23,43,0,66,6.545454734613093,7.038400033906335,1.515151558938216,87,33,11.863636706486231,4.500000130046502,0.29391892,0.11148649,23
Josh Stephan,AAA,TEX,24,28,26,140.1,5.771971705637289,5.623200009724019,1.4180523079281735,131,43,8.401425482649833,2.757719814915594,0.21197411,0.06957929,28
Aidan Curry,"A+,AA,AAA",TEX,23,23,22,104,4.9326923076923075,4.120010044024541,1.3653846153846154,128,55,11.076923076923077,4.759615384615385,0.28828829,0.12387387,10
Yerlin Rodriguez,A+,MIL,24,37,0,38,6.631578947368421,6.881079588438335,2.1052631578947367,44,46,10.421052631578947,10.894736842105264,0.22335025,0.23350254,3
Yujanyer Herrera,"A,A+",COL,22,23,22,86.1,7.505791782165284,6.423229854247882,1.911196981569864,87,55,9.069498403449717,5.733590944709592,0.20714286,0.13095238,17
Jean Cabrera,"AA,AAA",PHI,24,21,20,88.1,7.6415098739629705,5.839445721703267,1.879245391226449,67,44,6.826415487406921,4.483019126058276,0.15801887,0.10377358,14
Yoniel Curet,"AA,AAA",DET,23,31,0,34.1,7.864078398035883,6.6856511551147015,2.184466221676634,42,36,11.009709757250235,9.436894077643059,0.23076923,0.1978022,5
Juan Nuñez,"A,CPX",BAL,25,2,2,2,9,7.947668981552124,2.5,4,1,18,4.5,0.33333333,0.08333333,1
Yordanny Monegro,"A+,AA",BOS,23,3,3,6.2,4.049997923971286,7.811026284428495,1.6499991542105241,8,6,10.799994463923431,8.099995847942573,0.26666667,0.2,2
Joel Díaz,"A,A+,CPX",NYM,22,19,14,56,6.749999770096378,5.123174471906541,1.8571427938889506,51,41,8.196428292259888,6.589285489855988,0.19391635,0.15589354,4
Yaqui Rivera,"AA,AAA",BAL,22,36,8,79.2,3.2761504968878414,3.7973377807552717,1.2301254739272356,96,39,10.845187851766648,4.4058575647802005,0.29003021,0.11782477,7
Miguel Mendez,"A,A+,AA",SFG,23,18,18,49.2,5.617449116123769,3.738957274532316,1.510066966699938,56,24,10.147650016223583,4.3489928640958215,0.25,0.10714286,2
Yorman Gómez,"AAA,CPX",CLE,23,18,17,69.2,6.459330909868649,6.695693744324247,1.5502394183684758,71,38,9.172249892013483,4.909091491500174,0.22977346,0.12297735,18
Alexander Alberto,"AA,AAA",TBR,24,49,5,60.1,3.4309388649725663,3.799339995716093,1.2265192077679705,72,25,10.74033035991412,3.7292813749701805,0.28571429,0.09920635,5
Randel Clemente,AA,STL,24,43,0,49.1,5.290541085994936,4.209126212842458,1.6216217888107083,92,45,16.78378551419083,8.20946030585421,0.40707965,0.19911504,5
Gerelmi Maldonado,A+,SFG,22,35,0,32.1,3.8969078295061297,7.219527001897424,1.9484539147530648,45,44,12.525775166269701,12.247424607019264,0.27777778,0.27160494,5
Jordy Vargas,A+,COL,22,24,24,109,5.201834862385321,4.944864577547126,1.614678899082569,124,66,10.238532110091743,5.4495412844036695,0.24949698,0.13279678,12
Felipe De La Cruz,"AA,AAA",NYM,25,36,1,47,2.8723403089669284,3.62984648608878,1.3191488826366635,59,25,11.297871881936585,4.787233848278214,0.29949239,0.12690355,3
Henry Lalane,"A,A+",NYY,22,21,20,99.2,3.1605350767341656,3.4360897602170044,1.0735785816208119,114,34,10.29431424993414,3.070234074541761,0.28148148,0.08395062,6
Allen Facundo,"A,A+",NYY,23,22,22,114.1,4.014577438068776,4.094440303652615,1.3906706158016022,148,78,11.650146290866253,6.139941964105187,0.29249012,0.1541502,6
Junior William,"A+,AA",TBR,26,36,0,49,4.040816169239894,3.3947496765859655,1.3469387230799648,57,25,10.469387347576088,4.5918365559544245,0.27014218,0.11848341,2
Jose Olivares,"A,AA",MIN,23,17,13,40.2,6.8606548796288065,6.289390735998769,1.8688522252752304,33,30,7.30327777508873,6.639343431898845,0.16923077,0.15384615,6
Keythel Key,A+,LAA,22,21,1,34.2,7.0096143561708955,6.205449958101585,1.701922827218448,44,28,11.423075247093312,7.2692297026957435,0.26190476,0.16666667,6
Luis Gutierrez,"A+,AA,AAA,CPX",SDP,22,13,13,36,4.2499999859266815,4.046775750857469,1.4444444396613556,44,18,10.99999996357494,4.499999985098839,0.28387097,0.11612903,3
Felix Arronde,AA,KCR,23,24,22,105.1,6.493671199637845,6.854268290213037,1.6613924852874604,91,54,7.7753168311453145,4.61392427342689,0.18801653,0.11157025,25
Henry Baez,AA,OAK,23,14,14,53.1,7.087500675916736,5.558619580864924,1.7437501662969748,51,32,8.606250820756037,5.40000051498418,0.20158103,0.12648221,6
Leandro Lopez,AA,TEX,24,17,8,52.2,5.810126021167801,4.423888321500473,1.6898732545226611,65,27,11.107593863997268,4.613923605045018,0.27310924,0.11344538,6
Yondrei Rojas,"A,AA,AAA",TOR,23,40,0,49.1,5.4729735504610595,4.84850142855011,1.3581082514107075,44,20,8.027027874009555,3.6486490336407065,0.20560748,0.09345794,6
Douglas Orellana,AA,NYM,24,45,0,59.1,5.157303812888826,4.510408648811293,1.4662922605272153,71,33,10.76966384456196,5.00561840662739,0.27203065,0.12643678,7
Gabriel Reyes,A+,DET,22,9,8,33,4.909090909090909,7.070872251915209,2.0303030303030303,25,34,6.818181818181818,9.272727272727273,0.1552795,0.21118012,4
Luis Alvarez,A,NYM,23,19,0,25,7.92,7.530885181427002,2.04,42,28,15.12,10.08,0.32307692,0.21538462,7
Ismael Agreda,"A+,AA",TEX,22,24,20,98,5.877551020408164,5.163153016810515,1.5714285714285714,121,57,11.112244897959183,5.23469387755102,0.27008929,0.12723214,15
Austin Smith,AA,COL,27,38,0,48,3.75,4.80862954457601,1.5,52,37,9.75,6.9375,0.23853211,0.16972477,3
Griff McGarry,"AAA,CPX",LAD,27,38,0,34,7.147058873646812,6.891522280282464,2.235294133321637,48,51,12.705882442038778,13.500000094666202,0.26966292,0.28651685,2
Tyson Guerrero,"A+,AA,CPX",KCR,27,21,1,30,5.700001811981777,4.940379840946793,1.4666671329075918,35,17,10.500003337861168,5.100001621246853,0.26315789,0.12781955,3
Luis R. Rodriguez,"A,A+,AA,CPX",NYM,23,17,6,15.2,6.893615570042762,4.629858422246443,2.0425527614941514,26,20,14.936167068425984,11.489359283404603,0.31325301,0.24096386,0
Garrett Hawkins,"AA,AAA",SDP,26,42,0,54.1,5.4662579885294384,5.086952197524527,1.5460123603921645,65,36,10.766871795588289,5.963190532941206,0.26639344,0.14754098,7
Moises Rodriguez,"A+,AA",DET,24,34,0,49,2.571428471334478,4.527744351950101,1.0816326109581533,41,23,7.530611951765257,4.224489631478071,0.205,0.115,3
Austin Love,"AA,AAA",STL,27,48,0,58,6.517241164988776,5.063100245733544,1.8275861467957941,65,44,10.08620656486358,6.827585982369193,0.23297491,0.15770609,6
Raimon Gomez,"A+,CPX",BAL,24,13,1,9.1,19.285720854391663,12.792935876548814,3.9642870645138415,16,23,15.42857668351333,22.178578982550412,0.24242424,0.34848485,3
Alvaro Mejias,"A,CPX",TBR,22,14,0,19.2,3.661018132684395,4.165700858498226,1.169491903496404,24,10,10.983054398053184,4.576272665855494,0.28571429,0.11904762,1
Dameivi Tineo,"A,A+",MIA,22,22,21,94.1,3.9116610673848595,4.14902902405942,1.4416962199575634,141,66,13.452297817104029,6.296820254814652,0.33975904,0.15903614,8
Ronan Kopp,AAA,LAD,23,47,1,46.1,6.798561897394403,6.167354405759886,1.8561153116695828,51,43,9.906475907631844,8.352518902513124,0.23181818,0.19545455,6
Michael Morales,AA,SEA,23,17,17,66.1,6.1055281063465605,6.204882158539183,1.5075378040361878,59,42,8.005025739432156,5.69849289925679,0.20068027,0.14285714,11
Kevin Abel,"AA,AAA",CIN,27,31,17,111,5.351351351351352,5.019373225306605,1.5675675675675675,118,70,9.567567567567568,5.675675675675675,0.23459245,0.13916501,13
Peter Heubeck,"AA,CPX",LAD,23,10,10,20.1,11.065575500484451,7.8433067932969065,2.409836442327725,32,22,14.163936640620097,9.737706440426317,0.29357798,0.20183486,6
Jacob Steinmetz,"A,A+,CPX",ARI,22,12,11,35.1,2.547170040487797,4.190364586537568,1.3018869095826517,50,25,12.735850202438984,6.367925101219492,0.33333333,0.16666667,2
Calvin Ziegler,"A,A+,AA,CPX",NYM,23,17,3,13.1,7.425001903027784,8.462445865590423,2.700000692010103,17,24,11.47500294104294,16.200004152060618,0.22077922,0.31168831,1
Chen Zhong-Ao Zhuang,"A+,AA,AAA",OAK,25,20,17,84.2,6.3779523727565754,6.939933238741889,1.5826770702766315,63,33,6.696849991394404,3.5078738050161165,0.16449086,0.08616188,22
Frank Mozzicato,AA,KCR,23,37,11,71.2,8.037210443145105,6.758183791076573,1.9534886493755463,97,72,12.1813970778918,9.041861748538244,0.27478754,0.20396601,14
Ben Kudrna,AAA,KCR,23,1,1,2,9,7.485707950592041,3,2,4,9,18,0.18181818,0.36363636,0
Angel Jimenez,"A,A+,CPX",COL,22,23,22,88.2,5.582707287316536,4.893932766007385,1.3195489951839083,114,35,11.571429650074274,3.552631910110523,0.29765013,0.09138381,13
Reynaldo Yean,A+,LAD,22,37,0,32.1,9.185568455264448,9.209892154999432,2.7216499126709475,38,61,10.577321251516638,16.97938411427671,0.20765027,0.33333333,4
Kendeglys Virguez,"A+,AA",CLE,22,37,1,41,3.951218570151205,3.9138545969800065,1.4634142852411869,55,24,12.073167853239791,5.268291426868273,0.3038674,0.13259669,3
Jarlin Susana,"A+,AA,AAA",WSN,22,8,8,20.1,6.19672220761159,2.804460719555192,1.4262297144502867,37,11,16.377051548687774,4.868853163123393,0.39361702,0.11702128,1
Fernando Perez,AA,TOR,22,7,5,20,7.2,7.500296211242675,2,16,25,7.2,11.25,0.15841584,0.24752475,2
Jose Chirinos,"A,A+",NYM,21,24,22,114,3.3947368421052633,4.219328510552122,1.263157894736842,125,42,9.868421052631579,3.3157894736842106,0.25773196,0.08659794,12
Christian Zazueta,"A+,AA",LAD,21,23,22,103.2,3.6463020719030412,3.5203998897735556,0.9742764795296486,144,20,12.50160710366757,1.7363343199538293,0.35294118,0.04901961,14
Anyer Laureano,"A,AA",CIN,23,11,3,29,7.448275831451598,4.9652463944662895,1.9310344748207846,41,26,12.724137878729813,8.068965484072564,0.29710145,0.1884058,3
Enrique Segura,A+,TEX,21,22,20,75.1,6.570796903815946,7.243703391414004,1.5663717871722862,73,55,8.721239526882984,6.570796903815946,0.21407625,0.16129032,17
Franklin Gómez,"A+,AA",CLE,20,16,16,74.2,3.2544641471563005,3.8980569704191708,1.2455356612573496,80,26,9.642856732314964,3.1339284380023633,0.25974026,0.08441558,7
Eliazar Dishmey,"A+,AA",MIA,21,23,23,104.2,2.9235667369105474,3.2019536307629815,1.0318470836154874,140,47,12.038215975514019,4.041401077493992,0.33333333,0.11190476,6
Marcos Herrera,"A,CPX",COL,21,26,23,96,8.812501225620679,7.337706304631842,2.1145836274243472,99,71,9.281251290813268,6.656250925734768,0.20081136,0.14401623,18
Wellington Aracena,"A+,AA",ARI,21,25,22,103.2,5.382637085097593,4.519441417825599,1.6012863013014345,105,60,9.11575635379431,5.2090036307396055,0.22678186,0.12958963,8
Leonel Sequera,A+,STL,20,18,18,79.2,7.2301264462173584,5.912130283921664,1.7322177944062422,89,38,10.054394589271014,4.292887577441556,0.23796791,0.10160428,17
Sean Paul Liñan,"A+,AA",NYY,21,23,21,91.1,5.813868936907299,5.2275893027746925,1.4562044606566302,106,46,10.445256056138536,4.532846967758233,0.25603865,0.11111111,14
Yu-Min Lin,AAA,ARI,22,28,26,129,5.162790697674419,5.040701990349349,1.4573643410852712,97,59,6.767441860465116,4.116279069767442,0.16928447,0.10296684,11
Walin Castillo,A,MIA,21,17,15,71.1,5.425234031693933,5.242847903204425,1.612149647660988,61,37,7.6962622310076725,4.668224631922687,0.19003115,0.1152648,8
Chalniel Arias,CPX,NYY,22,2,2,2.2,6.749991349887012,2.7356297641967937,1.8749975971908366,2,0,6.749991349887012,0,0.15384615,0,0
Cesar Lares,"A+,CPX",MIN,22,14,14,44.1,9.338344123690131,6.212985914802642,1.8496237153202673,51,29,10.353381528439058,5.887216947543778,0.23076923,0.13122172,7
Santiago Suarez,AA,TBR,21,25,24,126,4.5,4.84642159900968,1.1904761904761905,99,21,7.071428571428571,1.5,0.18965517,0.04022989,22
Carlos Lagrange,AAA,NYY,23,19,11,64.1,4.476684291755344,4.682599236929407,1.3523317131344268,85,33,11.891192649975132,4.616580675872698,0.29824561,0.11578947,10
Sabier Marte,"A,CPX",NYY,22,17,16,60.2,7.417583428147961,6.6218113222656525,1.6648353916509868,62,30,9.197803450903471,4.450550056888777,0.21908127,0.10600707,14
Yeiber Cartaya,A+,BAL,23,18,14,72,3.375,4.564253785875109,1.2916666666666667,83,42,10.375,5.25,0.26182965,0.13249211,6
Liomar Martinez,A+,MIA,21,23,21,102.1,5.188925339337841,4.473399181612055,1.3094463191549355,146,57,12.840391517683472,5.013029565122999,0.32957111,0.12866817,13
Jogly García,A+,CLE,22,32,4,73.2,5.986426166023657,6.7062764611848795,1.6561088259747985,74,60,9.040725230321442,7.330317754314682,0.21764706,0.17647059,12
Yordy Herrera,"A,CPX",STL,21,24,0,27.2,6.180722181398072,6.225124365537807,1.6987949855304643,31,28,10.084336190702118,9.108432688376107,0.23134328,0.20895522,2
Joel Hurtado,"AA,AAA",LAA,25,28,28,137.1,4.652912793684017,5.616553429249104,1.3616505358668405,113,59,7.405340080088646,3.8665049975684083,0.19055649,0.0994941,23
T.J. Brock,"A,AA,CPX",TOR,26,8,0,7.2,8.217387897081833,7.379839370751108,2.2173903849268437,11,8,12.913038123985737,9.391300453807808,0.275,0.2,2
Jacob Miller,AA,MIA,22,19,19,68.1,4.873171094432633,4.767405042109363,1.5219513327957772,58,34,7.639024958840344,4.47804911380296,0.18831169,0.11038961,7
Grant Kipp,"AA,AAA",CHC,26,25,17,92,4.5,4.316605336863042,1.2934782608695652,109,40,10.66304347826087,3.9130434782608696,0.27735369,0.10178117,12
Liam Simon,A+,SFG,25,37,0,47.1,5.5140850995652215,5.288061540993752,1.9647889435232397,68,40,12.929578854152933,7.60563462008996,0.29310345,0.17241379,6
Cy Nielson,"AA,AAA",PIT,25,42,0,71,4.943661971830986,4.007865384598853,1.4788732394366197,77,35,9.76056338028169,4.436619718309859,0.23987539,0.10903427,5
Marcus Johnson,"AA,AAA",TBR,25,10,9,33.2,8.554454637805577,6.936740614261268,1.7821780495428283,24,11,6.415840978354182,2.9405937817456667,0.15384615,0.07051282,10
Wilian Bormie,"AA,AAA",TEX,25,49,1,58.2,2.607954404139822,4.294956872539767,1.2613635680153388,72,31,11.045453946945129,4.755681560490263,0.28571429,0.12301587,5
Braden Nett,"AA,AAA,CPX",OAK,24,17,15,41.2,7.991999390258836,7.527219949733693,2.2079998315429816,51,47,11.015999159545963,10.151999225463927,0.23502304,0.21658986,8
Shane Murphy,"AA,AAA",CHW,25,27,23,146.1,4.428246167584679,5.505594252551988,1.2779043724357022,110,36,6.765376089365482,2.2141230837923396,0.17944535,0.05872757,29
Dylan Ray,AAA,ARI,25,27,13,81.2,6.06122524479149,5.909330622074487,1.5428573350378336,70,29,7.714286675189168,3.1959187654355126,0.19125683,0.07923497,16
Spencer Giesting,"AAA,CPX",ARI,24,35,1,56,4.499999865889553,4.335705686557813,1.4821428129715593,75,27,12.053571069347017,4.339285584964927,0.29527559,0.10629921,6
Jake Miller,"A,A+,AA,CPX",DET,25,7,7,23.1,0.7714283533486185,3.3618857732275504,0.8571426148317983,24,8,9.257140240183421,3.085713413394474,0.27586207,0.09195402,1
David Davalillo,"A+,AA,AAA,CPX",TEX,25,25,24,100,4.590000623774613,4.660341748110692,1.4800002011299407,111,46,9.990001357627099,4.14000056262024,0.25170068,0.10430839,10
Derek Diamond,"A,AA,AAA,CPX",PIT,25,37,2,58,2.4827586206896552,3.141509871647276,1.0172413793103448,57,9,8.844827586206897,1.396551724137931,0.24568966,0.0387931,4
Dalton Rogers,"AA,CPX",BOS,25,21,17,81.1,5.643442851796383,6.35251484840699,1.6229508854839272,80,60,8.852459375366875,6.639344531525157,0.21390374,0.16042781,14
Michael Prosecky,"AA,CPX",COL,25,14,5,23.2,3.802816390612912,6.173677309683532,1.6901406180501832,15,14,5.704224585919369,5.323942946858077,0.13888889,0.12962963,3
Trace Bright,"AA,AAA",BAL,25,28,26,123,6.731707421461081,5.611838392972727,1.5691057153888752,133,58,9.73170746798178,4.24390250483416,0.24094203,0.10507246,26
C.J. Culpepper,"AA,AAA",MIN,24,42,7,79.2,4.292887474662886,4.625943697763845,1.456067096669283,84,44,9.489540733465327,4.9707118127675525,0.23796034,0.12464589,8
Brandon White,"AA,AAA",MIA,26,24,22,105.2,5.1104105866162595,4.188039950766771,1.2586752000369676,119,27,10.135647663455583,2.299684763977317,0.26327434,0.05973451,16
Brody McCullough,"A,AA,CPX",CHC,26,13,13,55,3.272727386222402,4.028210797969337,1.072727309928454,62,21,10.145454897289445,3.436363755533522,0.27678571,0.09375,5
Kenya Huggins,AA,OAK,23,31,11,91,6.626373626373627,4.218852920322628,1.8241758241758241,103,51,10.186813186813186,5.043956043956044,0.23678161,0.11724138,7
Adam Serwinowski,AA,LAD,22,26,26,127,5.31496062992126,5.103944206988718,1.4330708661417322,150,69,10.62992125984252,4.889763779527559,0.2688172,0.12365591,19
Karson Milbrandt,"AA,AAA",MIA,22,25,24,111.1,5.416167912108275,5.265516003525697,1.535928213881451,132,69,10.670659170123765,5.577844566201059,0.26938776,0.14081633,18
Chase Hampton,"A,A+,AA",NYY,24,17,17,55,8.181816479391657,6.685506085675937,1.7818178110675165,56,34,9.163634456918656,5.563635205986327,0.21292776,0.12927757,13
Brandon Barriera,"A,A+,CPX",TOR,22,15,13,38.2,4.887931868327784,5.190303881571172,1.706896842908115,40,29,9.310346415862446,6.750001151500274,0.21857923,0.15846995,2
Marques Johnson,"AA,AAA",SFG,25,40,0,50.2,5.328948037115905,5.201475679340366,1.539473877389039,60,35,10.65789607423181,6.2171060433018885,0.25751073,0.15021459,6
Pete Hansen,"A,AAA",STL,25,28,22,108,4.333333409862755,4.105163354545478,1.3425926163036315,102,38,8.500000150115405,3.1666667225920135,0.21982759,0.08189655,11
Connor Noland,AAA,CHC,26,19,15,73.2,5.3755663531641,5.535481989298554,1.438914225846956,52,31,6.352942053739391,3.787330839729252,0.1625,0.096875,12
Tyler Cleveland,AA,SEA,26,46,0,59.2,4.826815230998014,5.881140167831271,1.4916199845792475,53,36,7.994412726340461,5.430167134872766,0.19485294,0.13235294,8
Thomas Balboni Jr.,"A,A+",NYY,25,34,0,37.2,3.8230085027125753,4.71900046532353,1.1415928167822273,57,17,13.61946779091355,4.061946534132112,0.34545455,0.1030303,5
Isaiah Lowe,"A,A+",SDP,23,35,6,73,7.027397076661696,7.583244972334331,1.79452050105786,67,51,8.260273756777783,6.287671068592044,0.19034091,0.14488636,17
Michael Knorr,"AAA,CPX",HOU,26,33,4,34.1,3.669903252416745,5.406185799665238,1.252427300427937,42,22,11.009709757250235,5.766990825226314,0.28571429,0.14965986,5
Steven Zobac,"AA,CPX",KCR,25,19,19,54,4.4999998410542865,5.41698409375933,1.2222221790517815,55,20,9.16666634288836,3.3333332155957676,0.24886878,0.09049774,9
Jagger Haynes,"AA,AAA",SDP,23,28,27,135,4.800000542534783,4.887689337823641,1.3629631170160497,116,61,7.733334207417151,4.066667126314192,0.19897084,0.10463122,12
Wen-Hui Pan,"A,A+,AA",PHI,23,38,0,40.2,3.098360413538791,3.707310254736019,1.3524589106716944,48,14,10.622949989275854,3.098360413538791,0.26966292,0.07865169,3
Marcelo Perez,"A,AA",SEA,26,36,0,47,4.9787234042553195,4.841601501627171,1.3404255319148937,52,17,9.957446808510639,3.25531914893617,0.25120773,0.0821256,7
Jackson Ferris,AAA,LAD,22,24,22,109,5.1192660550458715,4.469974446077959,1.4770642201834863,119,54,9.825688073394495,4.458715596330276,0.24688797,0.1120332,9
Jackson Cox,"A+,AA",COL,22,20,19,97.1,4.253424879801757,4.595665743369777,1.2739726693126034,128,39,11.835617056839672,3.6061645720058375,0.30917874,0.0942029,16
Henry Williams,"AA,AAA",KCR,24,28,26,132,5.727273389327701,5.572365076597192,1.575757757910267,120,63,8.181819127611002,4.295455041995776,0.19900498,0.10447761,22
Darren Bowen,AA,MIN,25,40,0,66,6.136363636363637,5.55085425232396,1.4090909090909092,61,34,8.318181818181818,4.636363636363637,0.20469799,0.11409396,10
Gary Gill Hill,"A+,AA,AAA",NYM,21,26,26,139.2,4.252983545238641,4.316920457290606,1.3532220371213857,119,29,7.668258210354519,1.868735194120009,0.20101351,0.04898649,18
Yereny Teus,A,TBR,22,31,0,54,2,2.548599010043674,0.8148148148148148,80,22,13.333333333333334,3.6666666666666665,0.38095238,0.1047619,1
Luis Carias,A,LAD,21,27,6,85,5.5058823529411764,6.622915828929228,1.8823529411764706,107,90,11.329411764705883,9.529411764705882,0.25721154,0.21634615,9
Sandro Santana,"A+,AA,AAA",ARI,21,46,0,64,1.9687497066334327,2.6825925569555285,1.0156248486601043,101,31,14.203122883569765,4.359374350402601,0.39607843,0.12156863,3
Yeferson Vargas,A+,LAA,21,22,20,99,6.454545454545454,5.845893212520715,1.7171717171717171,79,56,7.181818181818182,5.090909090909091,0.17633929,0.125,14
Adrian Bohorquez,"A+,AA,CPX",MIN,21,19,18,59.2,3.016759519373759,3.9203817955158784,1.2067038077495036,69,32,10.407820341839468,4.826815230998014,0.27272727,0.12648221,3
Walvin Mena,"A,CPX",ARI,20,19,1,29.1,5.522726075708633,7.455056370654418,1.7386359867971621,19,16,5.8295441910257795,4.90908984507434,0.13669065,0.11510791,5
Yordin Chalas,"A+,AA",ARI,22,10,0,11,2.4545454545454546,5.447897148132324,1.3636363636363635,9,8,7.363636363636363,6.545454545454546,0.20454545,0.18181818,1
Jostin Florentino,"A+,CPX",CHC,21,18,18,66.1,4.613065564287151,5.827089689489522,1.3417086118351518,78,34,10.582915118070524,4.613065564287151,0.26896552,0.11724138,12
Jose Bello,"A,A+",BOS,21,20,12,73.2,4.642534457529922,5.44921842258429,1.588235472312868,52,38,6.352941889251472,4.642534457529922,0.16,0.11692308,8
Kelvis Salcedo,"A,CPX",DET,20,13,11,36.2,3.4363631596841766,2.7199237634085107,1.118181663071835,57,10,13.990907150142718,2.454545114060126,0.36774194,0.06451613,3
Marlon Nieves,"A,CPX",LAD,21,16,14,53,5.09433962264151,5.5898453892401925,1.6603773584905661,62,41,10.528301886792454,6.962264150943396,0.25,0.16532258,2
Juan Valera,A+,BOS,20,3,3,9.1,1.9285720854391661,2.6555232987110813,0.8571431490840739,17,4,16.392862726232913,3.8571441708783323,0.47222222,0.11111111,1
Jackson Humphries,A+,CLE,21,21,20,72.1,5.474654762841485,4.934438870671065,1.534562319887386,105,55,13.064517047689908,6.843318453551856,0.31626506,0.16566265,8
Gage Stanifer,"AA,AAA",TOR,22,31,19,100.2,4.82781440564653,4.738506530080932,1.5397350470683377,140,66,12.516555866491004,5.900662051345758,0.30701754,0.14473684,14
David Matoma,"A,CPX",PIT,20,34,0,38.1,8.686954621701215,6.347612599584492,2.3999994750646,44,48,10.330432523104147,11.26956275247725,0.21890547,0.23880597,3
Daury Vasquez,"A,CPX",ARI,20,18,18,60.1,8.502761266129884,7.066565614046323,1.6077345863832335,54,37,8.055247515280943,5.519336260470276,0.1942446,0.13309353,10
Keyner Benitez,A,MIA,20,5,4,19.1,2.7931039075364588,4.184678352913885,0.8275863429737655,24,9,11.172415630145835,4.189655861304688,0.31168831,0.11688312,2
Landon Sims,"AA,AAA",ARI,25,49,0,58.1,4.782856621567141,5.572594288872198,1.491428408875775,45,31,6.942856386145849,4.782856621567141,0.17786561,0.12252964,7
Ubaldo Soto,A,LAA,19,22,21,94.2,5.7042259650674705,5.150587822222288,1.6373241196026997,118,46,11.218311064632692,4.373239906551727,0.27314815,0.10648148,12
Brayan Narvaez,CPX,SFG,21,19,1,38.2,4.887930391518114,5.754864656060559,1.1896550159250436,37,11,8.612067832674771,2.5603444907952024,0.22981366,0.06832298,5
Yohanfer Santana,"A,CPX",MIA,20,23,12,33,11.181818262604644,7.158381177806359,2.15151516705943,60,46,16.363636481860453,12.545454636093014,0.34482759,0.26436782,5
Kyle Bischoff,"A,AA",MIN,26,44,0,47.1,3.042253733106952,4.866271333053961,1.3309860082342915,56,29,10.647888065874332,5.514084891256351,0.26415094,0.13679245,5
Jose Urbina,A+,TBR,20,19,19,77.2,4.171674366134757,4.302212864286042,1.390558122044919,89,32,10.31330607183315,3.708154992119784,0.25722543,0.09248555,9
Ashton Izzi,"AA,AAA",ARI,22,28,28,130,5.2615384615384615,5.281934727155245,1.4307692307692308,113,35,7.823076923076923,2.423076923076923,0.20178571,0.0625,23
Keeler Morfe,A,BAL,20,1,1,0,36,15.659710121154784,5,0,3,0,27,0,0.5,0
Camden Minacci,AA,LAA,24,39,0,47.2,3.5874122046184187,2.5877359432977913,1.2797201431679741,61,21,11.517481288511766,3.9650345419466735,0.29901961,0.10294118,1
Hayden Durke,AA,ARI,24,12,0,14,7.714285714285714,5.559512260981968,2,24,15,15.428571428571429,9.642857142857142,0.34782609,0.2173913,2
Zach Franklin,AAA,NYM,27,46,1,61,3.6885247054967634,4.977511275926288,1.0983606900812584,75,20,11.06557411649029,2.9508197643974103,0.30364372,0.08097166,13
Skylar Hales,AAA,STL,24,39,0,44,6.340909090909091,5.372071586955678,1.9545454545454546,47,31,9.613636363636363,6.340909090909091,0.21658986,0.14285714,6
Ryan Lobus,"AA,AAA",TEX,25,44,0,60.2,4.8956041390762675,4.242453991707363,1.318681249582833,66,20,9.791208278152535,2.967032811561374,0.24719101,0.07490637,6
Carlson Reed,A+,PIT,23,35,15,88,5.829545454545454,4.960718432339755,1.5795454545454546,87,50,8.897727272727273,5.113636363636363,0.22193878,0.12755102,10
Sheng-En Lin,A,CIN,20,15,14,61,3.8360655737704916,4.180721247000773,1.459016393442623,67,34,9.885245901639344,5.016393442622951,0.24100719,0.12230216,3
Carson Jacobs,AA,CHW,24,32,0,43.2,3.7099232319928546,4.33139666886356,1.6946562911572298,62,43,12.778624465753166,8.862594387538486,0.30845771,0.21393035,2
Izack Tiger,"A+,CPX",TEX,25,12,9,27.1,6.914632537973791,5.103127962783477,1.4999996510948435,43,9,14.158533292041572,2.96341394484591,0.35245902,0.07377049,7
Chen-Wei Lin,AA,STL,24,26,17,102.2,4.996753741846827,4.608213649437074,1.422078062981748,118,51,10.344156869086413,4.470779663757687,0.25991189,0.1123348,11
Luis De La Torre,A+,SFG,22,25,25,100.2,5.811258865382604,5.453158087165984,1.579470358283477,126,82,11.264901800587817,7.331126568636516,0.27155172,0.17672414,12
Will Johnston,"AA,CPX",OAK,25,37,1,37.2,4.300884374988606,5.3429759527754594,1.5398228009218469,41,28,9.796458854140715,6.69026458331561,0.24550898,0.16766467,4
Noble Meyer,A,MIA,21,3,3,4,6.75,8.020885181427001,2.5,5,8,11.25,18,0.20833333,0.33333333,0
Riley Gowens,"A+,AA,AAA",CHW,26,25,2,46.1,4.661869863898481,4.642262457700348,1.208632927677384,45,14,8.741005994809653,2.719424087274114,0.22959184,0.07142857,7
Christian Oppor,"A+,AA,CPX",CHW,21,23,13,38.1,12.678258687940948,10.41400107383841,2.8695647236080335,41,83,9.626085300103313,19.486953168501827,0.17748918,0.35930736,3
Ixan Henderson,"A,AAA,CPX",STL,24,5,4,13.2,4.609754985106679,5.559451431496735,1.3170728528876223,9,10,5.926827837994301,6.585364264438112,0.16071429,0.17857143,1
Lucas Braun,"AA,AAA",ATL,24,27,25,132,4.159090428313004,4.458418835492768,1.325757422504145,120,40,8.18181723602558,2.727272412008527,0.21314387,0.07104796,17
Josh Trentadue,AA,TEX,24,38,9,73.1,5.6454549370127545,4.425096726693401,1.3772728227977977,90,33,11.045455311546695,4.050000280900455,0.27777778,0.10185185,8
Patrick Reilly,"A+,AA,CPX",BAL,24,13,13,53,5.094338522640044,5.388028189761663,1.5094336363377907,70,24,11.886789886160102,4.075470818112035,0.30567686,0.10480349,12
TJ Nichols,"AA,CPX",TBR,24,22,22,94.2,5.7042259650674705,5.458555712784234,1.468310016934034,88,41,8.366198082098956,3.8978877427961045,0.21568627,0.1004902,17
Jaden Woods,"AA,AAA",PIT,24,46,1,61.2,3.9405403374058317,3.5009690155507265,1.2324323689005894,90,27,13.13513445801944,3.9405403374058317,0.35019455,0.10505837,7
Jacob Bresnahan,"A+,AA",SFG,21,23,23,114.2,3.2180235412973395,4.221859989359558,1.1162791687969091,135,45,10.595931172564411,3.53197705752147,0.28907923,0.09635974,14
Tate Kuehner,AAA,MIL,25,15,12,63,4.857142857142857,4.406342871226962,1.4603174603174602,62,33,8.857142857142858,4.714285714285714,0.21453287,0.11418685,5
Junior Ciprian,"A,A+",ARI,21,22,22,104.1,3.364217416402185,4.541265910268412,1.121405805467395,112,51,9.661342324026787,4.399361236833626,0.26352941,0.12,8
Joe Whitman,"AA,AAA",SFG,24,32,24,134.2,3.542079475484374,3.8481188337788477,1.2400991035762903,134,36,8.955446221035965,2.405940775800707,0.23801066,0.06394316,12
Kiefer Lord,"A,A+",BAL,24,15,14,53,4.9245281246643025,2.880400230824254,1.4905659840937926,84,30,14.264150430062116,5.094339439307899,0.35146444,0.12552301,2
Corey Avant,AA,OAK,24,28,25,115.1,5.69653204312769,5.185028428762757,1.5433526692187653,141,68,11.002890658643896,5.306358615516205,0.27378641,0.13203883,18
Jack Mahoney,"AA,AAA,CPX",COL,24,22,22,103.1,3.3096775822634585,4.1096310964258995,1.432258135014596,88,42,7.664516506294325,3.6580646961859276,0.19642857,0.09375,6
Josh Hansell,A+,KCR,24,16,6,40.2,4.868851850059153,5.23008717844739,1.4016391689564227,41,25,9.073769356928421,5.532786193249037,0.22905028,0.1396648,4
James Hicks,AA,HOU,25,24,24,119,5.142857142857143,4.576318983671044,1.3781512605042017,104,34,7.8655462184873945,2.5714285714285716,0.20594059,0.06732673,15
Ben Simon,"AA,AAA",NYM,24,47,1,55.2,3.556886755658085,4.82864862242473,1.2574852166467976,37,21,5.982036816334052,3.3952100849463536,0.15546218,0.08823529,6
Caden Grice,A+,ARI,24,21,19,82.2,3.592742377587888,4.898068332473662,1.4153227548073497,86,50,9.362904377956314,5.443549056951345,0.23306233,0.13550136,8
Logan Martin,"AA,AAA,CPX",SFG,24,29,8,66.2,4.455000424861948,5.33506574237575,1.2900001230239986,70,40,9.450000901222316,5.40000051498418,0.25179856,0.14388489,9
Hayden Mullins,"AA,AAA",BOS,25,23,21,95.2,3.951219932340289,3.701232478610184,1.2752614596442202,135,53,12.700349782522357,4.986063247953222,0.33007335,0.12958435,7
Blake Wehunt,"AA,AAA",BOS,25,23,23,100.1,3.4983385157447877,4.224740140491569,1.2857141553591953,104,36,9.328902708652766,3.2292355529951884,0.24821002,0.08591885,12
Thomas White,"A,AAA",MIA,21,7,7,24.2,4.0135129962723965,4.892913041603876,1.4594592713717807,35,15,12.77026862450308,5.472972267644177,0.3271028,0.14018692,4
Owen Wild,"AA,AAA",TBR,23,45,0,60.2,4.598900713331561,3.772658255382135,1.1373625420067301,82,21,12.164834144941548,3.1153843541923476,0.33064516,0.08467742,9
Jack Wenninger,AAA,NYM,24,26,22,115,4.539130434782609,5.163968820157258,1.4608695652173913,123,68,9.626086956521739,5.321739130434783,0.2407045,0.13307241,16
Patrick Copen,AA,LAD,24,26,23,116,5.896551724137931,4.943748714183939,1.5517241379310345,136,69,10.551724137931034,5.353448275862069,0.26003824,0.13193117,14
Drue Hackenberg,"AA,AAA,CPX",ATL,24,21,17,93,4.838709677419355,4.000515682466569,1.4408602150537635,97,44,9.387096774193548,4.258064516129032,0.23658537,0.10731707,6
Cade Kuehler,A+,ATL,24,25,24,109.1,6.3384149290138305,7.278346096994203,1.5731708048923216,78,62,6.42073200601401,5.103658774011136,0.15789474,0.12550607,25
Garrett Baumann,"AA,AAA",ATL,21,24,24,119.1,5.430167829211691,4.902720108437656,1.4832402866828232,116,49,8.748603724841058,3.6955308837690675,0.21886792,0.09245283,18
Simon Miller,AA,CIN,25,6,0,9.2,4.655170882925203,4.58725322378671,1.034482418427823,11,2,10.241375942435448,1.8620683531700815,0.275,0.05,2
Juaron Watts-Brown,"A+,AA,AAA",BAL,24,27,24,110,6.627272842186543,5.54599546192437,1.6181818462403357,134,67,10.963636553740702,5.481818276870351,0.26377953,0.13188976,21
Brett Wichrowski,"AA,AAA",MIL,23,29,13,80.2,6.582644213044713,5.880707755179479,1.4876032119875058,85,35,9.483470476420349,3.9049584314672026,0.23480663,0.09668508,18
Cade Smith,AA,NYY,24,25,24,124.2,5.270053905960647,5.477301711995783,1.4839573403389947,119,55,8.590909791908452,3.9705885592854187,0.21675774,0.10018215,22
Jackson Nezuh,"AA,AAA",HOU,24,26,19,103.1,3.8322582531471623,4.510318293442097,1.2967742573780803,124,50,10.800000531596549,4.354838924030866,0.28054299,0.11312217,12
Josh Knoth,"A+,AA,CPX",MIL,20,22,20,87.2,4.1064643548264135,4.591041336505537,1.2775666881682175,87,35,8.931559971747449,3.5931563104731117,0.23770492,0.09562842,10
Alex Clemmey,AA,WSN,20,28,25,128,4.640625,5.240921211242676,1.46875,138,78,9.703125,5.484375,0.24338624,0.13756614,18
Levi Wells,AAA,BAL,24,8,8,36,4.5,4.4579301728142635,1.3611111111111112,36,11,9,2.75,0.22641509,0.06918239,5
Ryan Birchard,AA,MIL,22,34,2,50,4.68,5.312770805358887,1.72,82,57,14.76,10.26,0.35193133,0.24463519,6
Charlee Soto,A,MIN,20,2,2,2.2,16.87497837471753,7.520880375808675,2.249997116629004,3,1,10.124987024830519,3.374995674943506,0.2,0.06666667,1
Kai Peterson,"A,AA,CPX",WSN,23,20,0,26,4.846153812824622,5.477213292987352,1.7692307570629573,31,26,10.730769156968806,8.999999938102869,0.248,0.208,2
Jackson Baumeister,AA,TBR,23,24,24,103.1,5.1387099303564225,5.352770893958311,1.335483936702799,111,55,9.667742411348524,4.790322816433953,0.25694444,0.12731481,18
Jojo Ingrassia,A+,BOS,23,18,15,55,4.909090909090909,4.025173438679088,1.4181818181818182,69,29,11.290909090909091,4.745454545454545,0.29113924,0.12236287,5
Josh Grosz,AA,ARI,23,25,8,57.2,5.306357913476323,5.557860569662532,1.4219651925001913,81,37,12.641617382105359,5.774565964665411,0.32270916,0.14741036,11
Michael Forret,"AA,AAA",TBR,22,24,23,115.2,3.890489806620743,4.010005470198978,1.3314120671546543,125,54,9.726224516551857,4.201728991150403,0.25406504,0.1097561,10
Will Sanders,"A+,AAA,CPX",CHC,24,16,14,61.1,5.576086356827529,4.689272131465366,1.4836954926061554,64,27,9.391303337814787,3.9619560956406126,0.23791822,0.10037175,8
Drew Dowd,AA,TBR,24,2,0,4,0,5.552770805358887,1.5,2,4,4.5,9,0.11111111,0.22222222,0
Nick Sando,"AA,AAA",CIN,25,7,6,26.2,1.6874997988343479,2.6751817676531124,1.1999998569488697,34,15,11.474998632073566,5.062499396503044,0.31775701,0.14018692,0
Blake Wolters,"A,A+",KCR,21,25,24,103,7.077670820360198,6.172019493749246,1.5825244769804008,114,58,9.961166339766203,5.067961821986314,0.23602484,0.12008282,21
Eriq Swan,"A+,AA,CPX",WSN,24,18,7,29.1,4.909091441099366,4.792576766314011,1.534091075343552,37,22,11.352273957542284,6.750000731511629,0.28682171,0.17054264,3
Nestor German,AAA,BAL,24,24,22,117,4.076923076923077,3.750665215549306,1.3247863247863247,120,46,9.23076923076923,3.5384615384615383,0.24048096,0.09218437,10
Grant Rogers,AAA,TOR,25,28,28,129.2,6.732648343095429,5.513985744674628,1.6195374021191753,77,41,5.344473426993279,2.845758578009408,0.12941176,0.06890756,21
Alonzo Tredwell,AA,HOU,24,4,4,9.1,10.607146469915413,11.952372213773323,2.5714294472522217,4,21,3.8571441708783323,20.250006897111245,0.08,0.42,1
Bishop Letson,AA,MIL,21,22,22,94.2,4.848592070307349,4.609108947038048,1.4366198726836592,99,47,9.411972842361326,4.468310339302851,0.23459716,0.11137441,10
Steven Echavarria,"A+,AA",OAK,20,25,25,117.1,5.139204851775025,4.962108354892897,1.448863722722644,125,52,9.588068753311614,3.9886366013776313,0.24131274,0.1003861,17
Nazier Mulé,A+,CHC,21,19,15,63,5.428571428571429,5.288765469808427,1.619047619047619,79,44,11.285714285714286,6.285714285714286,0.27622378,0.15384615,7
Carson Hobbs,AA,LAD,24,49,1,65.1,3.306122706364434,4.192165360337546,1.2704082621678148,68,29,9.367347668032561,3.9948982701903573,0.24548736,0.10469314,6
Chris Kean,"AA,AAA",NYY,24,48,0,63,4,4.565241111270965,1.0476190476190477,73,13,10.428571428571429,1.8571428571428572,0.28515625,0.05078125,12
Paul Wilson,"A,CPX",DET,21,13,9,24,8.625,7.162889821695929,2.0416666666666665,34,30,12.75,11.25,0.265625,0.234375,2
Hyun-Seok Jang,"A,A+",LAD,22,20,18,81.1,5.422131359465058,4.640428884771257,1.4139344814931558,108,32,11.950820139229108,3.5409837449567725,0.29427793,0.08719346,9
Hiro Wyatt,A,KCR,21,7,7,28,3.2142857142857144,4.195424406869071,1.4642857142857142,24,16,7.714285714285714,5.142857142857143,0.19512195,0.1300813,0
Trevor Harrison,A+,TBR,20,23,23,97.2,4.9761097333065445,5.360423857196328,1.392491612612531,122,44,11.242321990062933,4.054607930842369,0.29326923,0.10576923,21
Keyner Martinez,A,SFG,21,22,22,93.2,4.6121001450182435,4.7741404863122,1.2811389291717343,134,47,12.87544623817593,4.516014725330364,0.3358396,0.11779449,11
Jaxon Wiggins,"A+,AAA,CPX",CHC,24,22,11,42.2,6.750001307577148,5.556290611682449,1.7812503450550807,50,34,10.546877043089294,7.17187638930072,0.25510204,0.17346939,6
Hudson Leach,"AA,AAA",HOU,24,50,0,50.1,7.509932541637256,6.374914094797445,1.708608990954508,50,47,8.940395882901495,8.403972129927405,0.20491803,0.19262295,4
Wyatt Crowell,AA,LAD,24,20,11,69,5.3478260869565215,5.542949113984039,1.710144927536232,71,56,9.26086956521739,7.304347826086956,0.22049689,0.17391304,5
Branneli Franco,"A,CPX",STL,19,13,7,37,7.54054054054054,7.074245682278195,2.027027027027027,35,31,8.513513513513514,7.54054054054054,0.18817204,0.16666667,5
Alexander Fuentes,"A,CPX",SFG,21,8,5,20.2,4.354837989583963,6.87041410266081,1.645161018287275,32,16,13.935481566668683,6.967740783334341,0.32653061,0.16326531,4
Irwin Ramirez,"A,CPX",PIT,19,19,17,68.1,5.531707728815421,6.135003189114306,1.7121952493952495,64,57,8.42926892009969,7.507317631963786,0.20915033,0.18627451,7
Yeremmy Cabeza,CPX,COL,22,1,1,5,0,4.701416492462158,0.8,5,1,9,1.8,0.25,0.05,0
Anderson Brito,A+,TBR,21,8,8,32.1,3.340206711005254,4.547644538932124,1.5463919958357657,42,21,11.690723488518389,5.845361744259194,0.28767123,0.14383562,3
Yhoiker Fajardo,"A+,AA",STL,19,23,21,101.1,3.819079139060931,3.925632568895669,1.3322369089747435,130,33,11.546053211114442,2.9309211997444353,0.29885057,0.07586207,12
Drew Pestka,A+,CIN,22,23,0,28.2,8.790696699597481,7.3865871498042335,2.337209043146949,31,29,9.73255706026864,9.104650153154534,0.2012987,0.18831169,5
Reinold Navarro,"A,A+",PIT,19,24,17,79,2.962025387969811,3.9296142958050195,1.4177215532163199,135,70,15.379747206766327,7.974683736841799,0.39473684,0.20467836,5
Manuel Genao,A,MIA,20,26,21,108,3.6666666666666665,3.79866295920478,1.25,116,33,9.666666666666666,2.75,0.25217391,0.07173913,7
Jesus Travieso,CPX,PIT,19,2,0,2,4.5,6.235627841949463,2.5,4,3,18,13.5,0.33333333,0.25,0
Jose Parra,"A+,CPX",OAK,20,14,11,45,9.199999610053185,7.596472041231449,1.8888888088273448,45,47,8.999999618530289,9.39999960157608,0.19823789,0.20704846,4
Esteban Mejia,A,BAL,19,22,22,52.1,9.802548723407792,6.755251823283562,2.3312104176525352,59,70,10.1464978014221,12.038217730500797,0.21376812,0.25362319,4
Santiago Rojas,CPX,MIN,19,12,2,29.2,5.157302818158737,7.235627520486245,1.6179773547164666,40,25,12.134830160373498,7.584268850233437,0.28368794,0.17730496,7
Alexander Almonte,CPX,NYY,19,12,1,22.2,7.147057821181547,6.7944510124959425,2.1176467618315695,15,23,5.955881517651289,9.132351660398642,0.12605042,0.19327731,1
Silvano Hechavarria,"A,A+",TOR,23,21,20,82.1,6.777328353902121,6.172537146604714,1.627530464915563,68,41,7.433198839763616,4.481781653386886,0.17801047,0.10732984,15
JP Wheat,A+,CHC,23,27,0,30.1,8.901099833928605,6.729547214623253,2.5384618044907503,37,49,10.978023128511945,14.538463062083387,0.22699387,0.3006135,0
JeanPierre Ortiz,A+,CIN,22,17,17,67,5.91044776119403,5.186656964714848,1.5522388059701493,62,32,8.328358208955224,4.298507462686567,0.20875421,0.10774411,8
Jesus Lafalaise,A,TEX,21,21,17,95.2,3.7630666022288466,4.161452334785298,1.3588851619159725,96,50,9.031359845349233,4.703833252786058,0.2406015,0.12531328,6
Dylan DeLucia,AA,CLE,25,29,17,88.1,6.622641890767908,5.615390666895133,1.7094340606939387,87,42,8.864151453797046,4.2792455294192635,0.21167883,0.10218978,16
Sterling Patick,A+,LAD,21,24,22,102.2,5.347403127239587,5.192084508240589,1.577922234267419,114,51,9.993507483693653,4.470779663757687,0.24307036,0.108742,14
Argenis Cayama,"A,CPX",SFG,19,19,18,64.1,4.756477059990052,4.324599679715532,1.2590674570561904,78,18,10.91191796115365,2.5181349141123808,0.28676471,0.06617647,6
Bryan Balzer,"A,A+",SDP,21,23,21,98.2,4.7432437322713215,5.451655118270107,1.388513656669169,100,48,9.121622562060233,4.378378829788912,0.22727273,0.10909091,10
Jhonan Coba,"A,CPX",DET,19,13,13,42.1,5.314961268502936,5.667260423841411,1.4173230049341163,53,28,11.267717889226224,5.952756620723289,0.29444444,0.15555556,6
Caden Scarborough,"A+,CPX",TEX,21,14,14,52.1,5.159236170214627,4.042607381327251,1.1656052088262676,52,16,8.94267602837202,2.7515926241144677,0.23963134,0.07373272,4
Samuel Gonzalez,"A,CPX",ARI,21,27,2,62.1,6.3529416948566695,6.615628120971272,1.5882354237141674,65,20,9.385027503765535,2.8877007703893955,0.22569444,0.06944444,14
Brad Pacheco,A,PHI,21,23,21,101.1,3.99671072692423,3.7314114952351582,1.1940790073032885,111,22,9.858553126413101,1.9539474664962901,0.26555024,0.05263158,11
Ryjeteri Merite,"A,CPX",CIN,20,17,13,54.1,3.312883745709167,4.062771461824286,1.3619633176804353,90,30,14.907976855691253,4.969325618563751,0.38135593,0.12711864,4
Deivi Villafana,"A,A+",CIN,23,24,18,99.1,5.798658015035233,4.464505082642211,1.3892618161021912,94,29,8.516778959582998,2.62751691306284,0.21266968,0.06561086,12
Teddy McGraw,"A,AA,CPX",SEA,24,32,2,39.2,3.630251809909419,4.890308315378165,1.1092436085834336,29,11,6.579831405460822,2.4957981193127257,0.18589744,0.07051282,4
Hunter Cranton,AA,ARI,25,1,0,1.1,13.500033393584838,16.45240094222479,2.250005565597473,1,1,6.750016696792419,6.750016696792419,0.125,0.125,1
Konner Eaton,AA,COL,23,23,23,107,4.457943925233645,6.002165370121181,1.439252336448598,103,61,8.663551401869158,5.130841121495327,0.21822034,0.12923729,19
Caden Favors,AA,CLE,24,26,25,128,4.7109375,4.819046211242676,1.2578125,140,48,9.84375,3.375,0.25925926,0.08888889,22
Titan Kennedy-Hayes,A+,PHI,24,38,3,45.1,5.558824153095038,4.78892711966097,1.4558825162867957,62,36,12.308824910424727,7.147059625407906,0.29107981,0.16901408,3
Peyton Olejnik,A+,LAA,23,22,22,106.2,4.471875426471274,4.568431171774872,1.3968751332163938,111,51,9.365625893175688,4.303125410378018,0.2327044,0.10691824,9
Mason Marriott,"A+,AA,CPX",ARI,23,12,11,23.2,5.323942893224554,4.872852469567583,1.3098589657933426,30,6,11.408449056909758,2.2816898113819515,0.3030303,0.06060606,5
Bryce Mayer,"AA,AAA",HOU,24,24,21,102,3.5294117647058822,4.737274542976828,1.2156862745098038,140,51,12.352941176470589,4.5,0.33096927,0.12056738,16
Micah Ashman,"A+,AA",BAL,23,37,1,51.1,1.753246926963799,2.0422346243363823,1.1493507632318238,82,15,14.376624801103151,2.6298703904456984,0.39047619,0.07142857,3
Josh Mallitz,AA,SDP,24,39,0,61.2,4.086486149433351,4.25372070971504,1.1837836861453754,63,23,9.194593836225039,3.356756479891681,0.25403226,0.09274194,7
Tyson Neighbors,"A+,AA",BAL,23,33,0,33.2,8.821781282763446,5.4440053768903205,2.3465344152805123,57,35,15.237622215682315,9.356434693840018,0.31491713,0.19337017,5
Tyson Hardin,"AA,AAA",MIL,24,26,25,119.2,5.339833237894171,3.326659278269547,1.3704736322607887,139,37,10.454039719257601,2.782729997212455,0.26937984,0.07170543,11
Josh Randall,"A+,AA",WSN,23,26,23,128.1,4.838961230744646,5.328912367530572,1.3402597933785494,124,46,8.696104240758494,3.225974153829764,0.22142857,0.08214286,22
Mason Molina,"AA,AAA",STL,22,27,27,123.2,3.566037589182169,3.938130899160012,1.245282967650916,150,53,10.91644159953725,3.857142698503162,0.2851711,0.10076046,11
Herick Hernandez,"A,AA,AAA",ATL,22,18,18,74.2,4.098214098147828,4.820384278138845,1.48660707481833,96,53,11.571428041829163,6.38839256475985,0.28656716,0.15820896,9
Will Watson,"A,A+,AA",NYM,23,13,13,37,7.0540540995085825,5.196757421300903,1.6756756864733031,35,19,8.513513568372428,4.621621651402175,0.20231214,0.10982659,5
Carter Holton,"A,CPX",ATL,23,10,8,41.2,4.319999472656314,4.586286210439931,1.367999833007833,41,16,8.855998918945444,3.4559995781250517,0.23163842,0.09039548,5
Cam Caminiti,"A+,AA",ATL,19,24,23,114.2,3.3750002432701374,3.86311859806312,1.2122093897016772,125,53,9.81104721880854,4.159884020774821,0.25773196,0.10927835,7
Ryan Lambert,"A,A+,AAA",NYM,23,32,1,29,8.068962797399433,6.5098034514402965,1.9310338318562745,38,33,11.793099473122249,10.241375858237742,0.26760563,0.23239437,4
Aidan Foeller,"A+,AA",LAD,24,21,17,83.1,2.8079997214966097,4.30107691746087,1.1399998869323842,100,33,10.799998928833114,3.5639996465149277,0.28409091,0.09375,9
Twine Palmer,A+,BAL,21,22,11,81.2,4.077551528314275,4.146340019261036,1.2857144458648615,83,41,9.146939914867158,4.518367909753656,0.23988439,0.11849711,5
Josh Hartle,AA,CLE,23,25,24,122.2,3.448369797565664,4.024209283283845,1.304347913972828,115,49,8.437500568511732,3.5951089378876073,0.22115385,0.09423077,9
Cole Hertzler,"A+,AA",HOU,23,22,21,83.2,3.4422308664371526,5.0822488097913885,1.1832668603377712,103,46,11.079680601344585,4.948206870503407,0.29597701,0.13218391,13
Sebastian Gongora,AA,BAL,24,26,21,119.1,3.6201118861411277,4.295826967144791,1.273743071049656,111,35,8.371508736701358,2.6396649169779054,0.21936759,0.06916996,14
Chandler Marsh,A+,BAL,23,40,0,48.2,4.438355700521004,5.037617412430429,1.1712327543041539,71,24,13.130135614041304,4.438355700521004,0.35323383,0.11940299,10
Ethan Bagwell,"A,A+",ATL,20,21,21,108,3.1666666666666665,3.533820943479185,1.0740740740740742,105,32,8.75,2.6666666666666665,0.24361949,0.07424594,6
Matt Ager,"A+,AA",PIT,23,26,20,124,5.516129626195775,5.957862816120134,1.451613059525204,97,39,7.040323338697239,2.830645466074148,0.17896679,0.07195572,27
Blake Aita,"A+,AA",STL,23,24,23,111.1,4.931137949829922,5.653523739230024,1.4640719231735468,110,40,8.892215975103138,3.233533081855686,0.22267206,0.08097166,22
Jamie Arnold,"AA,AAA",OAK,22,25,25,118.1,3.498591699674008,4.023445376912548,1.461971893825129,130,52,9.887324368643934,3.954929747457574,0.25,0.1,9
Brooks Auger,A+,LAD,24,17,17,59.2,3.6201114232485105,3.677610033522279,1.3575417837181916,85,32,12.821227957338476,4.826815230998014,0.33464567,0.12598425,5
Isaac Ayon,"A,A+",LAD,24,24,12,87.1,4.637404748953198,5.132958170541627,1.2251908842913388,93,27,9.583969814503277,2.782442849371919,0.25067385,0.07277628,14
Drew Beam,AA,KCR,23,26,26,129,6.488372093023256,5.3690360705057785,1.449612403100775,99,41,6.906976744186046,2.86046511627907,0.17553191,0.07269504,20
Landon Beidelschies,A,ATL,22,22,20,86,5.965116279069767,5.310872911852459,1.7674418604651163,79,55,8.267441860465116,5.755813953488372,0.19700748,0.13715711,9
Cody Bowker,"A,A+,AA",PHI,22,24,22,95.1,4.531468047939056,3.8149395284887713,1.0699299557633881,128,30,12.083914794504148,2.8321675299619096,0.32323232,0.07575758,11
Brody Brecht,A+,COL,23,7,7,20.2,5.225805647787641,2.9021005726753537,1.4032255906096442,31,15,13.499997923451405,6.532257059734551,0.34444444,0.16666667,0
Tyler Bremner,"A+,AA",LAA,22,19,19,72.2,4.334862878372625,3.460692762039807,1.2660551898739094,100,27,12.38532250963607,3.344037077601739,0.32894737,0.08881579,8
Brooks Caple,"A+,AA",CHC,23,22,21,107.2,3.0928791656470764,3.6639752011394444,1.0588234981494498,108,31,9.027863510537413,2.5913311928394425,0.25471698,0.07311321,9
A.J. Causey,"AA,AAA",OAK,23,45,0,50,5.04,4.314056806564331,1.48,52,26,9.36,4.68,0.23318386,0.11659193,3
Jack Cebert,"A+,AA,AAA",NYY,24,24,20,109.1,4.033536773008802,4.509881033584383,1.317073232002874,122,43,10.042683394021914,3.5396343110077235,0.25738397,0.0907173,15
Jurrangelo Cijntje,"AA,AAA",STL,23,28,28,133,4.87218045112782,4.4812352862475615,1.3909774436090225,162,67,10.962406015037594,4.533834586466165,0.27787307,0.11492281,16
Javen Coleman,"A,AA,AAA,CPX",TOR,24,33,0,40,4.499999986588955,3.3817040165083827,1.2749999962002039,58,12,13.04999996110797,2.699999991953373,0.33918129,0.07017544,5
Dennis Colleran Jr.,AA,KCR,22,47,0,52.2,7.518986615628919,7.328951332084374,2.012658033476428,51,48,8.715189031751702,8.202530853413366,0.19391635,0.18250951,11
Pierce Coppola,"A,A+",CHC,23,19,17,75.1,3.4646020038302265,4.402569523473521,1.1814160089689278,86,36,10.274336976875844,4.300885246134074,0.2721519,0.11392405,6
Chris Cortez,"A+,AA",LAA,23,44,5,58.2,4.755682488179991,5.461517285803804,1.8750002641569856,66,59,10.125001426447723,9.051137638794176,0.23655914,0.21146953,4
Gabe Craig,"A,A+",PHI,24,38,0,42,4.928571428571429,4.294182400476365,1.5,56,27,12,5.785714285714286,0.28865979,0.13917526,2
Aidan Cremarosa,A,TBR,22,17,16,76.2,2.8173916781737853,3.020579601569065,0.9000001194166259,90,18,10.565218793151695,2.113043758630339,0.29801325,0.05960265,5
Bryce Cunningham,"A+,AA",NYY,23,21,19,105.1,4.61392427342689,4.564545194757962,1.300632974196469,96,39,8.202532041647805,3.3322786419194204,0.21286031,0.0864745,13
Brian Curley,"A+,AA",ARI,23,25,23,116,5.275862762959284,4.948528021784047,1.5431036512576992,130,34,10.086208223304515,2.637931381479642,0.25291829,0.06614786,22
Braden Davis,AA,STL,23,26,26,110,5.154545454545454,5.1205512220209295,1.5727272727272728,140,71,11.454545454545455,5.8090909090909095,0.28340081,0.1437247,16
Jaron DeBerry,AA,MIL,23,26,26,128.2,4.686528867931376,5.3092476281656715,1.3678757558141328,138,64,9.65285050409746,4.476684291755344,0.24775583,0.11490126,22
Cody Delvecchio,A,SFG,22,9,9,33.2,4.2772270765811315,4.559665952094831,1.425742358860377,43,12,11.49504776831179,3.2079203074358484,0.30496454,0.08510638,4
Nate Dohm,"A+,AA",STL,23,25,13,61.1,7.190217987576194,5.699336905760466,1.7771740604213266,67,41,9.831522554440918,6.016304846747427,0.23183391,0.14186851,9
Liam Doyle,AA,STL,22,23,23,103,3.7572815533980584,4.100427656266296,1.3106796116504855,130,54,11.359223300970873,4.718446601941747,0.30023095,0.12471132,10
Joseph Dzierwa,"A+,AA",BAL,22,26,24,131,2.267175572519084,2.9956667002520434,0.9007633587786259,149,30,10.236641221374045,2.0610687022900764,0.28988327,0.05836576,8
Daniel Eagen,AA,STL,23,26,26,122,4.721311475409836,4.817123502199767,1.2131147540983607,157,41,11.581967213114755,3.0245901639344264,0.30664063,0.08007813,24
James Ellwanger,A,MIN,22,3,3,11.2,0,2.4851712460419617,0.6857140988720216,15,5,11.571425418465363,3.8571418061551213,0.34090909,0.11363636,0
Anthony Eyanson,"A+,AA",BOS,21,22,21,99.1,1.5402685056682723,2.929793843326457,0.9563758695325874,141,35,12.77516819407214,3.171141041081737,0.37105263,0.09210526,8
Leighton Finley,"A,A+",BOS,22,22,18,100.2,4.470198534333989,4.025410072200323,1.5496688252357829,104,52,9.298012951414696,4.649006475707348,0.23370787,0.11685393,5
Ty Floyd,"A+,CPX",CIN,24,10,8,32,3.09375,4.656909865140915,1.15625,37,18,10.40625,5.0625,0.28461538,0.13846154,3
Patrick Forbes,"A+,CPX",ARI,21,11,10,29.2,2.7303367860840373,3.568056528394095,0.9101122620280124,41,7,12.438200914382836,2.123595278065362,0.35344828,0.06034483,3
Ryan Forcucci,A,HOU,23,13,10,17,19.058823529411764,11.95382776821361,3.4705882352941178,11,40,5.823529411764706,21.176470588235293,0.09649123,0.35087719,1
Rory Fox,"A+,AA",NYY,22,23,21,130,4.361538461538461,3.87419298780341,1.2615384615384615,131,34,9.069230769230769,2.353846153846154,0.23688969,0.06148282,14
Tanner Franklin,"A+,AA",STL,22,25,25,105,3.9428577158403257,4.161052429811599,1.2666668507409742,133,45,11.400001656668767,3.8571434176698842,0.29820628,0.10089686,11
Dominic Fritton,"A,A+",TBR,23,25,25,113.1,5.4000002423454845,4.233613511204592,1.5705883057802226,142,54,11.276471094309688,4.288235486568473,0.28286853,0.10756972,14
Ryan Gallagher,"AA,AAA",MIN,23,28,25,120,6,5.0015405019124355,1.5333333333333334,128,57,9.6,4.275,0.23880597,0.10634328,20
Davian Garcia,AA,WSN,22,8,8,27.2,3.9036140093040457,5.515958641734477,1.6626504113702416,24,23,7.807228018608091,7.4819268511660875,0.1875,0.1796875,2
R.J. Gordon,"A,AA",NYM,24,24,24,95,5.58947378240464,4.891090902062478,1.5157895003131228,88,42,8.336842251722175,3.978947438321947,0.20902613,0.09976247,13
David Hagaman,"A+,AA",ARI,23,22,22,106.2,2.8687502735853454,3.811040354134093,1.2562501198053475,132,45,11.137501062154872,3.7968753620982514,0.29398664,0.10022272,10
Tyler Hampu,"A+,CPX",COL,23,32,0,45,9.399999626477575,6.8706582252731945,2.355555461954191,52,49,10.399999586741146,9.799999610583003,0.21848739,0.20588235,7
Sawyer Hawks,"A+,AA",ARI,23,44,0,59,4.271186578756642,5.311976908024599,1.4067797064952432,85,33,12.966102114082663,5.033898467820328,0.32319392,0.12547529,12
Griffin Herring,"AA,CPX",COL,23,16,5,31.1,7.1808517923610555,6.198454844511177,1.8829789144413436,42,30,12.063831011166574,8.617022150833266,0.28187919,0.20134228,5
Ben Hess,AA,NYY,23,16,16,56.2,4.447058424372197,4.7120608173357255,1.4470586936449215,65,30,10.323528485149744,4.764705454684497,0.25490196,0.11764706,7
Luke Holman,CPX,CIN,23,4,4,6.2,2.6999987125402867,3.101417350768634,0.8999995708467623,9,1,12.149994206431291,1.3499993562701433,0.33333333,0.03703704,0
John Holobetz,"AA,AAA",BOS,23,26,23,119.1,4.072625871908769,4.047600202960744,1.2486034051736759,132,36,9.955307686888101,2.7150839146058456,0.26294821,0.07171315,16
Garrett Horn,"A+,CPX",MIN,23,6,5,16.2,2.6999994850159674,5.235032480891329,1.079999794006387,19,10,10.259998043060676,5.399998970031935,0.28358209,0.14925373,2
Thatcher Hurd,"A,CPX",NYY,23,11,11,43,3.9767441860465116,5.125933600230352,1.1627906976744187,53,25,11.093023255813954,5.232558139534884,0.29444444,0.13888889,6
Ben Jacobs,"A,A+",DET,22,22,19,92.1,3.5090255365425476,3.7639059758941946,1.1480145273873767,132,41,12.866426967322674,3.996390194395679,0.35106383,0.10904255,10
Eli Jerzembeck,"A,A+",CHC,23,20,4,36,6.75,6.318383275138007,1.8611111111111112,41,27,10.25,6.75,0.22905028,0.15083799,6
Jacob Kisting,"A+,AA",TBR,23,23,21,110,1.7181818181818183,2.96881911537864,0.9090909090909091,127,25,10.39090909090909,2.0454545454545454,0.2912844,0.05733945,7
Jacob Kmatz,"A+,AA",TBR,23,46,0,71.2,2.7627905751254693,3.5763791664900535,0.9627906549679666,99,13,12.432557588064611,1.6325580671195954,0.35106383,0.04609929,12
Justin Lamkin,"A+,AA",KCR,22,8,8,39.2,2.0420171340200497,3.565534762394697,0.9327732587498991,53,14,12.025212011451403,3.1764710973645216,0.34868421,0.09210526,4
Cam Leiter,"A,A+",LAD,22,21,21,55,2.4545453694241135,2.8547154176055756,1.145454505731253,80,26,13.090908636928605,4.254545307001797,0.35242291,0.11453744,0
Christian Little,A+,SEA,22,38,0,53,3.2264150943396226,4.271850902629349,1.0943396226415094,68,26,11.547169811320755,4.415094339622642,0.30909091,0.11818182,6
Michael Lombardi,A,KCR,22,23,18,88,3.6818181818181817,4.1142555757002395,1.4204545454545454,124,52,12.681818181818182,5.318181818181818,0.32124352,0.13471503,9
Aidan Major,"A,A+,CPX",CLE,23,17,16,63.1,4.547368786249164,5.326618607021812,1.3578948458938476,57,26,8.100000650506322,3.6947371388274455,0.21268657,0.09701493,10
Jack Martinez,"A,A+",STL,23,24,23,93.2,4.612099393683089,4.752019362948045,1.313167188479213,121,51,11.626333888242788,4.900355605788283,0.29156627,0.12289157,11
Michael Massey,A,DET,23,2,2,4,4.5,6.020885181427002,1,5,2,11.25,4.5,0.33333333,0.13333333,1
Niko Mazza,"A+,AA",SFG,24,26,19,104.1,4.399361236833626,4.6053252500171675,1.3226837705512864,119,57,10.265176219278462,4.916933147049347,0.26385809,0.12638581,10
JB Middleton,A,COL,22,5,5,20,4.95,6.961151123046875,1.7,18,13,8.1,5.85,0.19354839,0.13978495,3
Blake Morgan,"A,A+,CPX",TBR,23,20,20,105,3.7714289824817095,4.197186621375264,1.1428572674186999,99,26,8.485715210583846,2.2285716714664647,0.23239437,0.06103286,12
Jacob Morrison,"A,A+",MIL,22,15,12,51,4.764705882352941,4.590832674658401,1.2352941176470589,56,25,9.882352941176471,4.411764705882353,0.2629108,0.11737089,6
Mason Morris,"A,A+",CIN,22,23,16,103.1,5.138710025207829,5.29618209448833,1.5580646215790215,97,60,8.448387668562024,5.225806805296097,0.20770878,0.12847966,12
Cade Obermueller,"A,A+",PHI,22,18,18,58,5.431034304157313,5.057539852684012,1.6896551168489418,83,44,12.879309921287343,6.827585982369193,0.30855019,0.16356877,7
Truman Pauley,A,CHW,22,25,24,103.2,5.295820455355673,5.70472639899705,1.543408511579067,120,68,10.418007453158703,5.9035375567899315,0.25423729,0.1440678,17
Dalton Pence,"A+,AA,AAA",TEX,23,25,23,118.1,2.5098592223545992,4.485562813015516,1.174647918879762,122,49,9.278873488704882,3.7267606634962234,0.24897959,0.1,13
Marcus Phillips,A+,BOS,21,19,18,61.2,6.713512959783362,5.711701060783451,1.7999998515361186,73,51,10.654053175308379,7.443242629325031,0.25085911,0.17525773,8
Peyton Prescott,A,NYM,22,1,1,1,0,2.770885181427002,1,2,1,18,9,0.5,0.25,0
Riley Quick,"A,A+,AA",MIN,22,23,23,81.2,4.738776100473347,4.936157818089589,1.3959185412247066,110,48,12.12245048958298,5.289796577272573,0.30640669,0.13370474,12
JT Quinn,"A+,AA",BAL,22,26,25,116.2,3.394286010243967,4.48167682805677,1.1742858166753118,129,40,9.951429439124357,3.0857145547672427,0.26875,0.08333333,17
Dominick Reid,"A,A+",CHC,22,13,13,53.2,3.8571424915818406,3.9704234746884786,1.229813548040587,54,20,9.055899762844321,3.3540369492016007,0.23684211,0.0877193,4
Jason Reitz,"A,CPX",MIN,21,12,11,36,3,5.157815329233806,1.2777777777777777,27,16,6.75,4,0.17647059,0.10457516,4
Zach Root,"A+,AA",LAD,22,19,19,76.1,3.537118051234002,3.408457378574354,1.2969432854524674,103,36,12.144105309236739,4.2445416614808025,0.32087227,0.11214953,5
AJ Russell,"A,A+",TEX,22,23,21,60.2,4.005494295607855,3.538447053158051,1.3846153120619746,96,31,14.241757495494596,4.59890085792013,0.37065637,0.11969112,6
R.J. Sales,"A,A+",WSN,22,5,4,13.2,4.60975502531586,2.6158563157879495,1.0243900056257467,16,4,10.536582915007681,2.6341457287519203,0.30188679,0.0754717,0
Michael Salina,"A,CPX",SDP,22,7,2,7.2,8.217398374433778,4.429927337449685,2.217393212148797,8,5,9.391312427924317,5.869570267452698,0.19512195,0.12195122,0
Jonathan Santucci,"AA,AAA",NYM,23,27,27,125,4.03200049218756,3.632822644283755,1.34400016406252,163,66,11.736001432617362,4.752000580078196,0.30754717,0.1245283,10
Brett Sears,"AA,AAA,CPX",ATL,26,23,21,124.1,2.8954425165625195,3.1647829336927553,1.0294906725555624,153,30,11.075067625851636,2.1715818874218895,0.3097166,0.06072874,11
Chase Shores,A+,LAA,22,16,16,63.1,4.831579335389736,4.3404706144465015,1.4684211705596257,67,31,9.521053396209187,4.405263511678878,0.24187726,0.11191336,5
Luke Sinnard,"A+,AA,CPX",ATL,23,14,14,52,2.9423076923076925,3.521273503192358,1.1730769230769231,61,16,10.557692307692308,2.769230769230769,0.28909953,0.07582938,4
Khal Stephen,AA,CLE,23,12,12,55,3.4363636363636365,4.545750756697221,1.3636363636363635,49,23,8.018181818181818,3.7636363636363637,0.20851064,0.09787234,6
Zane Taylor,"A+,AA",OAK,24,24,21,108,3.5,4.639520950670596,1.2962962962962963,95,41,7.916666666666667,3.4166666666666665,0.21064302,0.09090909,11
Yoel Tejeda Jr.,"A+,AA",WSN,22,26,25,120.1,4.562327062647054,4.478237582533913,1.429362941302902,131,61,9.797784347651868,4.562327062647054,0.25240848,0.11753372,12
J.D. Thompson,"A+,AA,CPX",MIL,22,17,17,61,3.9836065573770494,4.235801934414223,1.360655737704918,80,37,11.80327868852459,5.459016393442623,0.30651341,0.14176245,5
Shane Van Dam,A,KCR,22,23,18,93.1,4.532143104125056,4.195424436063185,1.4678572228490134,83,28,8.003571864731482,2.700000147138331,0.20096852,0.06779661,9
Joey Volini,"A+,AA",MIA,23,17,15,67,4.701492537313433,4.30460699850054,1.3432835820895523,72,24,9.671641791044776,3.2238805970149254,0.24827586,0.08275862,8
Kyson Witherspoon,A+,BAL,21,20,20,89.2,4.215613771480993,4.556612401759773,1.3828997557239235,98,44,9.83643213345565,4.416357284408659,0.25721785,0.11548556,10
Malachi Witherspoon,A,DET,21,21,21,77,5.6103896103896105,4.433222843764665,1.3636363636363635,93,27,10.87012987012987,3.155844155844156,0.27034884,0.07848837,9
Gage Wood,"A,AA",PHI,22,25,25,95,4.357895349307159,4.047582333816152,1.242105437725229,139,30,13.168422903341199,2.8421056625916257,0.34405941,0.07425743,16
Jakob Wright,A+,LAD,23,17,12,55.2,6.628741909301949,4.924256292600504,1.7425148108463118,67,48,10.83233433959099,7.760478332841306,0.25093633,0.17977528,3
Gage Ziehl,"AA,AAA",BOS,23,25,25,122,4.278688524590164,4.283098517089593,1.2704918032786885,129,25,9.51639344262295,1.8442622950819672,0.24712644,0.04789272,19
Cade Crossland,"A,A+",STL,22,25,24,97.1,4.3458905528960345,4.1557303117491555,1.3869863466689472,138,69,12.760274389354313,6.380137194677157,0.33093525,0.16546763,6
Mason Peters,"A,A+",SEA,22,18,18,64.1,2.0984457617603174,3.842074698091306,0.9481866034620693,87,19,12.17098541820984,2.6580312982297354,0.34251969,0.07480315,6
Nick Potter,"A,A+",HOU,22,22,22,69,2.739130359065557,4.089095512900124,1.2173912706958032,86,36,11.217390994268472,4.695652044112384,0.30604982,0.12811388,7
Ethan Young,A,STL,22,10,10,31,7.258064516129032,4.319272278201195,1.8387096774193548,38,17,11.03225806451613,4.935483870967742,0.25333333,0.11333333,3
Owen Hall,"A,CPX",DET,20,19,9,56.1,6.071005026427215,5.873277675886424,1.5088755182640736,65,32,10.38461386099392,5.112425285412391,0.25193798,0.12403101,8
Levi Sterling,"A,A+",PIT,19,24,24,108.2,4.5552145906689825,4.885176917662136,1.1779140759709692,130,45,10.766870850672142,3.726993756001895,0.28888889,0.1,17
Braylon Doughty,"A+,AA",CLE,20,25,25,109.2,4.103343274735412,3.2229077040276484,1.2674771448627162,123,25,10.094224455849114,2.051671637367706,0.26282051,0.0534188,8
Kenny Serwa,"AA,AAA",DET,28,26,26,123,4.2439024390243905,4.700397596901994,1.3902439024390243,90,60,6.585365853658536,4.390243902439025,0.16759777,0.11173184,10
Logan Tabeling,A+,LAD,24,6,5,24.1,2.2191783721059477,2.965434198116432,1.068493290273234,32,10,11.835617984565053,3.698630620176579,0.32,0.1,1
Bryce Meccage,A+,MIL,20,5,5,16.2,6.479998764038322,7.008447402954218,1.7999996566773115,15,19,8.099998455047903,10.259998043060676,0.19480519,0.24675325,2
Dasan Hill,A+,TOR,20,21,21,61.1,5.282608969450462,3.4258144125281893,1.6141305184431967,98,44,14.38043552794848,6.456522073772787,0.34146341,0.1533101,2
Wei-En Lin,"AA,AAA",OAK,20,12,12,53,3.2264152031939615,3.463337889365274,1.0000000337384793,54,17,9.169811630130207,2.886792550226176,0.25233645,0.07943925,2
Tony Rossi,"A+,AA",NYY,26,46,0,52.2,2.2215193359731282,3.018481069140344,0.8734178585877257,71,14,12.132913296468624,2.392405438740292,0.33649289,0.06635071,3
Kash Mayfield,A+,SDP,21,15,15,53.1,3.543750337958368,4.128448038101199,1.1625001108646498,62,22,10.462500997781849,3.712500354051624,0.28971963,0.10280374,5
Hunter Dryden,A+,SFG,24,25,20,106.2,4.471875426471274,5.46843125760557,1.4343751367926727,114,51,9.618750917315571,4.303125410378018,0.23849372,0.10669456,18
Johnny King,"A+,AA",TOR,19,26,26,105.1,3.161392500472748,3.927337328000646,1.3575949776804894,139,62,11.876582636911134,5.297468514305685,0.30482456,0.13596491,8
Ryan Sloan,AA,SEA,20,22,22,101.1,3.7302633451292815,3.2484220126329033,1.125000056467561,128,16,11.368421623251143,1.4210527029063929,0.30917874,0.03864734,12
Lucas Elissalt,"A+,AA",DET,21,23,21,92.2,3.9820142518868806,4.22739746529074,1.294963984353457,116,36,11.266186663875077,3.496402757754334,0.29367089,0.09113924,12
Brandon Clarke,"A,A+,AA,CPX",STL,23,10,10,29.2,3.337078280693363,3.8570366725734657,1.0449437040554976,44,17,13.348313122773453,5.1573027974351975,0.36363636,0.14049587,2
Boston Bateman,A+,BAL,20,24,21,86.1,3.648648863606036,3.5387282555727517,1.3783784595845026,117,48,12.196911915483035,5.003861298659706,0.31621622,0.12972973,5
Grant Umberger,A+,CHW,24,26,22,120.2,4.69889542375389,4.879477955911425,1.292817788546044,108,39,8.055249297863812,2.9088400242285988,0.20377358,0.07358491,17
Brady Smith,"A,A+",DET,21,23,23,80.2,4.239669755641666,4.273188156706452,1.227272824001535,118,34,13.165290293834646,3.7933887287320167,0.34202899,0.09855072,9
Tucker Musgrove,"A+,AA",SDP,24,34,0,34.1,3.407767305815549,3.655636200698074,1.4563108144510895,68,25,17.825244368881332,6.553398665029902,0.42767296,0.1572327,3
Mathias LaCombe,"A+,AA,AAA,CPX",CHW,24,35,2,49.1,4.195945389985219,3.688119267183677,1.2162160550681795,67,25,12.222971353435204,4.560810206505673,0.31308411,0.11682243,3
Trey Gregory-Alford,A,LAA,20,22,21,98.2,4.2871626041683095,5.080070110931293,1.520270427010039,100,46,9.121622562060233,4.195946378547707,0.22675737,0.10430839,8
Kannon Kemp,"A+,CPX",SDP,21,12,8,38.2,6.284482241952646,5.537417476259348,1.7327584782338572,33,15,7.681033851275457,3.4913790233070254,0.18539326,0.08426966,6
Dylan Jordan,"A,A+",LAA,20,22,22,97.1,4.808219335119016,4.730683889977011,1.345890454915793,137,53,12.667808632909717,4.900685091563613,0.32932692,0.12740385,11
Nate Payne,"A,A+",MIA,20,23,22,111,3.4864864864864864,4.305599983318433,1.3063063063063063,147,47,11.91891891891892,3.810810810810811,0.31612903,0.10107527,15
Joey Oakie,"A,A+",CLE,20,15,15,49.1,7.2972980496481865,5.801770170785033,1.9459461465728498,60,44,10.945947074472281,8.027027854613006,0.25,0.18333333,6
Ethan Dorchies,A+,MIL,19,25,25,113,5.256637168141593,5.332872788252029,1.5132743362831858,101,49,8.044247787610619,3.9026548672566372,0.1961165,0.09514563,15
David Shields,A+,KCR,19,25,25,116.2,4.011428921197416,3.5113051246954448,1.080000094168535,139,28,10.722858077816168,2.16000018833707,0.29700855,0.05982906,10
Enyel Lopez,CPX,TEX,20,13,6,31.2,11.368419911392623,7.301416251533935,2.368420814873463,40,34,11.368419911392623,9.66315692468373,0.24242424,0.20606061,3
Ramon Marquez,"A,A+",PHI,20,14,13,69,2.217391304347826,2.5390834988027384,0.8405797101449275,105,20,13.695652173913043,2.608695652173913,0.40229885,0.07662835,4
Chung-Hsiang Huang,A,ARI,20,17,14,68,6.352941176470588,5.71997465245864,1.5588235294117647,56,21,7.411764705882353,2.7794117647058822,0.17891374,0.06709265,9
Chase Mobley,A,CLE,20,23,9,32,14.0625,9.065960121154784,3.0625,33,66,9.28125,18.5625,0.171875,0.34375,2
Kendry Chourio,"A,A+",KCR,18,21,21,90.2,2.4816175078438305,3.750145602411518,0.893382302823779,91,17,9.033087728551543,1.687499905333805,0.25706215,0.0480226,9
Cole Miller,A,OAK,21,34,8,82.1,6.668016606258538,6.2451593335114275,1.5789474659628595,80,34,8.744939811486606,3.716599419881808,0.21164021,0.08994709,14
Jhon Almonte,"A,CPX",LAA,19,14,13,52,6.749999752411485,7.206714836578268,1.8076922413865515,43,41,7.442307419325483,7.096153585868484,0.17768595,0.16942149,4
Berny Ortiz,"A,CPX",BOS,20,17,13,45.2,8.080291408323621,4.519801994651469,1.7518246955715169,46,34,9.0656927995826,6.700729460561052,0.21004566,0.15525114,0
Sadbiel Delzine,"A,CPX",BOS,18,18,14,64.2,2.644329688921294,3.3171030221349045,1.0670102253542064,79,24,10.99484449604117,3.3402059228479506,0.29588015,0.08988764,2
Jakson Gamboa,CPX,BOS,19,10,5,23,3.9130434782608696,5.800845233253811,1.7826086956521738,25,18,9.782608695652174,7.043478260869565,0.24038462,0.17307692,2
Adrian Pena,DSL,MIA,18,17,9,28,10.928571428571429,8.397545255933489,2.642857142857143,38,50,12.214285714285714,16.071428571428573,0.2345679,0.30864198,0
Iker Redona,"A,CPX",CIN,18,16,12,55.2,3.880239299372182,3.6655253961620096,1.3293412414515808,76,17,12.28742444801191,2.7485028370552955,0.3127572,0.06995885,3
Eiver Mosquera,"A,CPX",MIA,19,12,9,38,4.5,5.38947458267212,1.605263157894737,30,16,7.105263157894737,3.789473684210526,0.1744186,0.09302326,4
Kamden Edge,A+,KCR,21,40,0,56,4.017857142857143,5.399876580919538,0.875,80,21,12.857142857142858,3.375,0.35242291,0.09251101,11
Kruz Schoolcraft,A,SDP,19,22,22,79.1,5.899160042075793,5.268294035143358,1.8277312096175,82,57,9.302521604811828,6.4663869691984655,0.22282609,0.1548913,4
Frank Cairone,"A,CPX",MIL,18,5,5,7,6.428571319093511,7.0343429255462375,1.9999999659402035,11,10,14.142856902005725,12.857142638187023,0.275,0.25,0
Seth Hernandez,"A,A+",PIT,20,18,18,74,2.4324324324324325,3.5823785781860353,1.054054054054054,118,31,14.35135135135135,3.77027027027027,0.40410959,0.10616438,10
Aaron Watson,"A,CPX",CIN,19,10,6,38,5.447368421052632,4.35714930070336,1.868421052631579,48,14,11.368421052631579,3.3157894736842106,0.25945946,0.07567568,3
Will Hynes,"A,CPX",CLE,18,16,14,57,6.473684210526316,5.610321386236893,1.7543859649122806,41,24,6.473684210526316,3.789473684210526,0.15413534,0.09022556,5
Johnny Slawinski,CPX,LAA,19,12,12,54,3.3333333333333335,4.049564640610306,1.2037037037037037,82,17,13.666666666666666,2.8333333333333335,0.3580786,0.07423581,4
Landon Harmon,"A,CPX",WSN,19,13,12,41,1.7560976375645678,3.6587312130008485,0.9512195536808075,39,16,8.560975983127268,3.5121952751291357,0.24375,0.1,2
Cameron Millar,CPX,KCR,19,7,6,17,4.764705882352941,6.313181198344512,1.0588235294117647,25,3,13.235294117647058,1.588235294117647,0.390625,0.046875,5
Miguel Sime Jr.,"A,A+",WSN,19,23,23,72.1,2.986175246444177,3.2334137540238745,1.4101383108208612,130,64,16.175115918239293,7.963133990517805,0.41269841,0.2031746,3
Kaleb Wing,"A,CPX",CHC,19,9,9,28.1,4.44705932247603,4.75031529489463,1.305882499457247,42,14,13.341177967428091,4.44705932247603,0.34146341,0.11382114,4
Dean Livingston,"A,A+,CPX",ARI,19,18,17,81.2,3.3061222430717474,4.986649228279076,1.1265305420837064,78,27,8.595917831986544,2.9755100187645724,0.23636364,0.08181818,8
Briggs McKenzie,"A,A+,CPX",ATL,19,7,7,26,2.076923076923077,3.3959161983614083,1.1538461538461537,31,12,10.73076923076923,4.153846153846154,0.28703704,0.11111111,1
CJ Gray,"A,CPX",LAA,19,11,8,34.1,5.242718932023922,5.282325567866675,1.4854370307401112,45,21,11.796117597053824,5.5048548786251175,0.28125,0.13125,2
Ryan Hall,CPX,DET,19,5,1,11,5.7272727272727275,6.235627841949463,1.5454545454545454,12,10,9.818181818181818,8.181818181818182,0.24489796,0.20408163,1
Matthew Fisher,"A,CPX",PHI,20,15,14,49.2,4.167784968140303,4.89328200528099,1.2885905215506253,60,21,10.8724825255834,3.80536888395419,0.27027027,0.09459459,6
Camden Lohman,"A,CPX",NYM,19,16,11,47,6.319148936170213,5.323734849564572,1.9148936170212767,58,38,11.106382978723405,7.276595744680851,0.25550661,0.16740088,4
Talon Haley,A,LAA,20,21,20,87.2,4.722434008050375,4.274268977885995,1.448669369619318,121,51,12.422054673349901,5.235742052403677,0.31510417,0.1328125,5
McLane Moody,CPX,PIT,19,14,4,15.1,15.847829372536488,10.953020538950526,3.65217467021417,17,36,9.978262938263715,21.130439163381983,0.17346939,0.36734694,2
Matt Barr,"A,CPX",MIN,20,15,14,39.1,6.635593756626724,5.459933179843062,1.754237429912812,40,25,9.152543112588585,5.720339445367865,0.21276596,0.13297872,4
Gabel Pentecost,A,HOU,22,4,2,17,4.235294117647059,4.189121885860668,1.1176470588235294,19,7,10.058823529411764,3.7058823529411766,0.27142857,0.1,2
Nathan Hall,"A,CPX",NYM,22,13,13,22.2,3.9705876784341925,3.839842313287613,1.27941158527324,21,9,8.338234124711805,3.5735289105907735,0.21875,0.09375,1
Jacob Kuhn,A,TBR,22,32,10,78.2,2.516949478013569,3.786828781660521,1.3220340692596526,84,53,9.610170734233629,6.063560106123599,0.25377644,0.16012085,1
Hunter Allen,A,BAL,22,2,0,5.2,7.94117201571071,4.542062567344864,2.294116360094205,11,9,17.47057843456356,14.294109628279278,0.37931034,0.31034483,0
Jacob Johnson,"A,CPX",TEX,20,14,13,43,2.511627906976744,4.4842812248565345,1.255813953488372,48,25,10.046511627906977,5.232558139534884,0.26519337,0.13812155,1
Blake Larson,CPX,CHW,20,3,3,4.2,5.785710344511887,4.258559787516393,1.7142845465220407,9,4,17.357131033535662,7.714280459349183,0.39130435,0.17391304,0
Kendri Fana,DSL,LAA,17,11,11,51,2.823529411764706,4.802307160695394,1.1568627450980393,43,14,7.588235294117647,2.4705882352941178,0.20873786,0.06796117,4
Lan-Hong Su,"A,CPX",SDP,19,17,16,47.2,5.097901757920422,5.768091431419337,1.3636362726947628,58,17,10.951048220717942,3.2097899957276725,0.28431373,0.08333333,8
Emmanuel Hernandez,DSL,TBR,17,12,11,46,3.5217390026622595,6.0776694211707465,1.4782608159323065,37,28,7.239130172139089,5.478260670807959,0.17788462,0.13461538,4
Cristhian Tortosa,"A,AA,AAA,CPX",PIT,27,36,1,49.2,5.255034242356849,4.546984751393609,1.4899330802084552,73,39,13.228189644553447,7.067115015583348,0.32300885,0.17256637,5