Name,Level,Team,Age,G,PA,AB,H,HR,R,RBI,BB,SO,SB,AVG,OBP,SLG,wOBA,wRC+,BB%,K%,ISO
Bryan Torres,AAA,STL,28,36,166,128,43,2,24,16,29,25,10,0.3359375,0.45398773,0.4765625,0.4211978404068508,149.61467071200332,0.174698795,0.150602409,0.140625
George Valera,AAA,CLE,25,77,329,283,77,12,39,50,41,58,4,0.272084805,0.364741641,0.466431095,0.3701354808720412,119.1374780115105,0.12462006,0.176291793,0.19434629
Brandon Valenzuela,AAA,TOR,25,4,17,15,3,1,2,4,2,3,0,0.2,0.294117647,0.4,0.3110846070682301,83.73837851829416,0.117647058,0.176470588,0.2
Junior Perez,AAA,OAK,24,87,364,319,70,13,58,41,38,129,19,0.219435736,0.301104972,0.420062695,0.31918639685567574,72.62952234709799,0.104395604,0.354395604,0.200626959
Eduardo Valencia,AAA,DET,26,81,354,309,81,17,60,54,35,75,1,0.262135922,0.347457627,0.478964401,0.36367222793379184,119.28359065098903,0.098870056,0.211864406,0.216828479
Blaine Crim,AAA,TEX,29,57,252,223,59,10,33,50,27,53,2,0.264573991,0.341269841,0.452914798,0.3538844384371288,92.9137724714455,0.107142857,0.21031746,0.188340807
Kevin Alcántara,AAA,CHC,23,82,357,311,81,20,49,58,43,109,6,0.26045016,0.350140056,0.501607717,0.37333515495145353,113.6033611217103,0.120448179,0.305322128,0.241157557
Victor Mesa Jr.,"A,AAA",TBR,24,26,112,98,32,5,19,14,14,27,3,0.326530612,0.410714285,0.581632653,0.4352790867643697,155.99378236064476,0.125,0.241071428,0.255102041
Jase Bowen,AAA,SDP,25,49,222,195,57,13,48,36,21,59,7,0.292307692,0.36199095,0.6,0.40646474144675515,122.4735878825107,0.094594594,0.265765765,0.307692308
Yohendrick Piñango,AAA,TOR,24,70,308,268,72,11,35,44,35,77,5,0.268656716,0.35064935,0.45522388,0.3555522859096527,112.08406819236758,0.113636363,0.25,0.186567164
Juan Brito,AAA,CIN,24,105,470,399,94,11,51,59,64,84,8,0.235588972,0.341151385,0.383458646,0.3310675529333261,94.15737937379525,0.136170212,0.178723404,0.147869674
Jesus Rodriguez,AAA,SFG,24,50,225,194,52,5,29,28,24,26,7,0.268041237,0.346666666,0.396907216,0.33952500343322756,97.59680428882585,0.106666666,0.115555555,0.128865979
Ryan Ward,AAA,LAD,28,106,475,405,101,18,71,82,62,83,8,0.249382716,0.349473684,0.429629629,0.35139224561960886,99.91249104238379,0.130526315,0.174736842,0.180246913
Owen Caissie,AAA,MIA,23,3,13,7,3,2,3,3,5,4,0,0.428571428,0.692307692,1.285714285,0.7173668788029597,344.02903104664426,0.384615384,0.307692307,0.857142857
Tyler Callihan,AAA,PIT,26,90,378,327,74,10,58,36,42,95,15,0.226299694,0.314516129,0.360856269,0.3081997191166942,80.17602696166225,0.111111111,0.251322751,0.134556575
Nick Yorke,"A,AAA",PIT,24,41,161,139,30,4,21,21,18,35,7,0.215827338,0.316770186,0.338129496,0.30675229744881577,77.64469845251746,0.111801242,0.217391304,0.122302158
Trei Cruz,"A,AAA",DET,27,101,442,380,97,4,59,39,52,95,5,0.255263157,0.34090909,0.35,0.3202807755632834,91.14576965665161,0.117647058,0.214932126,0.094736843
Gage Workman,AAA,DET,26,114,500,450,126,11,63,66,40,153,26,0.28,0.337349397,0.431111111,0.34242520521824027,99.52700839358242,0.08,0.306,0.151111111
Zac Veen,AAA,COL,24,100,445,392,128,24,82,87,48,91,18,0.326530612,0.402247191,0.635204081,0.4439757159586703,144.90829932693902,0.107865168,0.204494382,0.308673469
Petey Halpin,AAA,CLE,24,42,193,174,45,5,29,25,16,40,10,0.258620689,0.321243523,0.419540229,0.32962118467518703,93.31185146026004,0.082901554,0.207253886,0.16091954
Maximo Acosta,AAA,MIA,23,48,180,161,23,3,23,16,16,54,14,0.142857142,0.222222222,0.236024844,0.21639239986737568,24.685465460966405,0.088888888,0.3,0.093167702
Deyvison De Los Santos,AAA,MIA,23,102,421,379,105,21,51,70,34,82,18,0.277044854,0.342042755,0.496042216,0.3670387277976917,120.71418054815186,0.080760095,0.194774346,0.218997362
Jose Fernandez,AAA,ARI,22,58,260,234,59,7,41,45,21,62,12,0.252136752,0.316602316,0.423076923,0.33016247201610255,73.65642753617898,0.08076923,0.238461538,0.170940171
Emmanuel Rodriguez,"A,A+,AAA",MIN,23,58,258,202,55,11,38,36,48,68,7,0.272277227,0.42248062,0.490099009,0.41212358816649564,140.2342893558624,0.186046511,0.263565891,0.217821782
Jhostynxon Garcia,"A,A+,AAA",PIT,23,79,324,291,80,13,49,43,26,77,5,0.274914089,0.336419753,0.453608247,0.35055998777165825,105.6449076600612,0.080246913,0.23765432,0.178694158
Blaze Jordan,AAA,STL,23,57,252,230,72,11,37,35,19,29,2,0.313043478,0.373015873,0.547826086,0.40233126282691956,137.58826935204752,0.075396825,0.115079365,0.234782608
Jeferson Quero,AAA,MIL,23,120,490,436,107,15,52,69,39,104,2,0.245412844,0.314928425,0.39678899,0.3195964371012276,88.36707212786676,0.079591836,0.212244897,0.151376146
Jared Serna,AAA,MIA,24,91,336,294,65,12,40,48,32,59,14,0.221088435,0.303303303,0.37755102,0.3079315454394252,83.03661580250595,0.095238095,0.175595238,0.156462585
Angel Genao,"AA,AAA",CLE,22,96,419,350,105,13,65,53,60,68,11,0.3,0.400954653,0.474285714,0.3916306347721801,134.4718260746328,0.14319809,0.162291169,0.174285714
Denzer Guzman,AAA,LAA,22,58,268,238,80,12,45,57,27,48,9,0.336134453,0.402985074,0.571428571,0.42578169636761964,137.04300204703446,0.100746268,0.179104477,0.235294118
Moisés Ballesteros,AAA,CHC,22,32,145,119,28,2,18,23,22,21,2,0.235294117,0.347222222,0.352941176,0.322351099311055,81.10384108464879,0.151724137,0.144827586,0.117647059
Samuel Basallo,"AA,AAA",BAL,21,2,9,9,1,0,1,3,0,2,0,0.111111111,0.111111111,0.222222222,0.1409610907236735,-16.898278304438904,0,0.222222222,0.111111111
Gabriel Gonzalez,AAA,MIN,22,114,480,432,110,16,59,55,38,82,1,0.254629629,0.323590814,0.421296296,0.33329500211305557,90.65506357591008,0.079166666,0.170833333,0.166666667
Tanner Murray,AAA,CHW,26,6,30,23,7,2,6,7,6,7,2,0.304347826,0.466666666,0.608695652,0.46947808663050333,172.88149297805737,0.2,0.233333333,0.304347826
Esmerlyn Valdez,AAA,PIT,22,56,237,192,49,13,33,38,41,51,0,0.255208333,0.388185654,0.526041666,0.4011315147585004,139.41491481796336,0.17299578,0.215189873,0.270833333
Leo Bernal,AAA,STL,22,101,432,374,104,16,67,77,51,86,9,0.278074866,0.363425925,0.467914438,0.36844583854874435,115.98818259040765,0.118055555,0.199074074,0.189839572
Héctor Rodríguez,AAA,CIN,22,104,455,405,111,27,72,69,42,93,6,0.274074074,0.347252747,0.533333333,0.37995438438903945,124.87397730932591,0.092307692,0.204395604,0.259259259
Pedro Ramírez,AAA,CHC,22,43,196,170,53,9,34,40,21,32,19,0.311764705,0.394871794,0.547058823,0.4111084471043852,137.68174895826462,0.107142857,0.163265306,0.235294118
Carlos Jorge,"AA,AAA",CIN,22,88,383,344,106,8,60,43,33,77,33,0.308139534,0.375979112,0.427325581,0.3635130604004424,111.77330569040588,0.086161879,0.201044386,0.119186047
Abimelec Ortiz,AAA,WSN,24,85,365,312,76,18,55,74,43,71,0,0.243589743,0.347945205,0.496794871,0.36803025649397414,116.39830410054684,0.117808219,0.194520547,0.253205128
Billy Cook,AAA,PIT,27,22,96,82,24,5,16,17,12,19,6,0.292682926,0.389473684,0.512195121,0.399934226588199,138.65170972585975,0.125,0.197916666,0.219512195
Joshua Báez,AAA,STL,23,103,461,410,105,34,79,90,37,136,21,0.25609756,0.327548806,0.573170731,0.38019399403484627,123.47698295795912,0.080260303,0.295010845,0.317073171
Cam Cauley,AAA,TEX,23,93,434,370,102,16,78,54,53,88,39,0.275675675,0.365967365,0.47027027,0.3736721642645367,113.31922853788858,0.122119815,0.202764976,0.194594595
BJ Murray Jr.,AAA,CHC,26,122,535,450,134,17,77,74,74,113,9,0.297777777,0.401869158,0.504444444,0.4024712760871816,132.17602939532907,0.138317757,0.211214953,0.206666667
Joe Mack,AAA,MIA,23,24,103,82,20,3,10,9,20,22,1,0.243902439,0.388349514,0.37804878,0.3589725511745342,115.57243838005597,0.194174757,0.213592233,0.134146341
James Triantos,AAA,CHC,23,113,484,440,132,9,75,58,33,57,27,0.3,0.353305785,0.434090909,0.3520971721743945,100.06531990195924,0.068181818,0.117768595,0.134090909
Christian Franklin,AAA,WSN,26,97,443,362,90,7,60,41,70,109,20,0.248618784,0.378684807,0.364640883,0.3497748566863218,104.86631565809115,0.158013544,0.246049661,0.116022099
Kahlil Watson,AAA,CLE,23,98,442,369,91,19,68,60,59,118,24,0.246612466,0.360544217,0.455284552,0.36513911542438326,115.95257094715419,0.133484162,0.266968325,0.208672086
Kyler Fedko,AAA,MIN,26,75,307,266,73,17,54,54,34,70,10,0.27443609,0.361563517,0.545112781,0.3923641087954518,128.30835718079783,0.110749185,0.228013029,0.270676691
Tyler Black,AAA,MIL,25,103,430,354,87,7,58,44,64,95,23,0.245762711,0.368298368,0.387005649,0.3491368488276199,107.1974533273611,0.148837209,0.220930232,0.141242938
Edwin Arroyo,AAA,CIN,22,78,354,309,93,15,54,43,29,68,13,0.300970873,0.367052023,0.524271844,0.38734058793201004,129.58227418817165,0.081920903,0.192090395,0.223300971
Harry Ford,AAA,WSN,23,58,257,206,46,4,34,22,45,65,0,0.22330097,0.369649805,0.334951456,0.3367035161660339,96.42923706192947,0.175097276,0.252918287,0.111650486
Carson Williams,AAA,TBR,23,112,476,412,94,12,62,62,58,158,23,0.228155339,0.325630252,0.381067961,0.32197512899126324,84.85034286457989,0.121848739,0.331932773,0.152912622
Hao-Yu Lee,"A,AAA",DET,23,17,75,66,16,3,9,15,7,15,0,0.242424242,0.32,0.409090909,0.32836897373199464,95.19460456702693,0.093333333,0.2,0.166666667
César Prieto,AAA,STL,27,85,360,319,99,12,49,46,25,46,6,0.310344827,0.366666666,0.498432601,0.375237261143963,120.3173394599637,0.069444444,0.127777777,0.188087774
Lazaro Montes,"AA,AAA",SEA,21,123,542,453,113,38,99,96,79,166,8,0.249448123,0.36900369,0.558498896,0.3990611174111021,138.39555598955127,0.145756457,0.306273062,0.309050773
Michael Arroyo,"AA,AAA",SEA,21,114,532,463,131,18,84,81,43,87,17,0.282937365,0.359022556,0.470842332,0.36770535009279987,117.82748746001572,0.080827067,0.163533834,0.187904967
Luis Lara,AAA,MIL,21,78,346,287,92,9,67,42,54,48,24,0.320557491,0.431884057,0.470383275,0.40749677144295987,144.39868125195417,0.156069364,0.138728323,0.149825784
Josue De Paula,AA,LAD,21,124,588,501,152,27,106,104,81,87,31,0.303393213,0.401360544,0.546906187,0.41510411079833126,144.84002051671507,0.137755102,0.147959183,0.243512974
Jimmy Crooks,AAA,STL,24,52,236,190,57,15,46,38,39,67,2,0.3,0.432203389,0.57368421,0.4382324132144961,160.47327019631305,0.165254237,0.283898305,0.27368421
Nathan Church,AAA,STL,25,3,11,11,1,1,1,1,0,2,0,0.09090909,0.09090909,0.363636363,0.17998071150346237,-4.147928508650565,0,0.181818181,0.272727273
Daniel Susac,AAA,SFG,25,8,33,28,13,3,7,9,3,2,2,0.464285714,0.545454545,0.821428571,0.582770251866543,249.44545119271166,0.09090909,0.06060606,0.357142857
Sterlin Thompson,AAA,COL,25,92,408,319,105,14,78,62,77,60,21,0.329153605,0.475490196,0.529780564,0.4564173836672921,152.67515363940848,0.18872549,0.147058823,0.200626959
Henry Bolte,AAA,OAK,22,37,177,158,55,12,41,28,17,39,17,0.348101265,0.418079096,0.658227848,0.4615641667344476,154.88426509476704,0.096045197,0.220338983,0.310126583
Jack Brannigan,"A,A+,AA,AAA,CPX",PIT,25,91,378,318,70,14,57,45,50,120,5,0.220125786,0.331564986,0.424528301,0.33911196891445694,98.2613018562659,0.132275132,0.317460317,0.204402515
Spencer Jones,AAA,NYY,25,54,233,194,53,14,34,52,31,72,10,0.273195876,0.385281385,0.55670103,0.41010122665595183,143.73848942673126,0.13304721,0.309012875,0.283505154
Zach Cole,"A,AAA",HOU,25,70,277,245,50,9,33,27,28,105,9,0.204081632,0.29602888,0.383673469,0.30968437362664014,78.92055650764627,0.101083032,0.379061371,0.179591837
Jacob Melton,"AAA,CPX",TBR,25,50,202,169,46,8,31,29,25,63,28,0.272189349,0.37,0.49704142,0.3841675814986229,121.75384223949723,0.123762376,0.311881188,0.224852071
Alex Freeland,AAA,LAD,24,38,182,158,41,5,26,26,24,36,9,0.25949367,0.357142857,0.430379746,0.35801888429201567,104.04924652849061,0.131868131,0.197802197,0.170886076
Dylan Beavers,"AA,AAA",BAL,24,6,25,20,1,0,1,0,5,2,0,0.05,0.24,0.05,0.1831252956390381,-1.3844275337907106,0.2,0.08,0
Ben Ross,"AA,AAA",MIN,25,121,502,422,115,20,73,71,70,126,20,0.272511848,0.379241516,0.5,0.38865684308929593,124.87251558018153,0.139442231,0.250996015,0.227488152
Gabriel Rincones Jr.,"A,A+,AAA",PHI,25,54,220,190,45,7,26,21,24,54,4,0.236842105,0.336363636,0.410526315,0.3402487738565965,97.9025007804031,0.109090909,0.245454545,0.17368421
Nate Furman,AAA,SFG,24,102,468,399,117,7,63,48,52,55,19,0.293233082,0.377440347,0.413533834,0.3644979331084808,113.18644316085786,0.111111111,0.117521367,0.120300752
Rafael Flores Jr.,AAA,PIT,25,65,276,228,52,4,33,38,46,69,0,0.228070175,0.36231884,0.342105263,0.33415571978126746,96.72154404704425,0.166666666,0.25,0.114035088
Ethan Salas,"AA,AAA",SDP,20,96,405,348,103,10,54,61,47,58,17,0.295977011,0.373762376,0.448275862,0.3672801311039806,115.14082618437698,0.116049382,0.143209876,0.152298851
Nick Morabito,AAA,NYM,23,114,507,425,108,13,73,47,57,106,42,0.254117647,0.354838709,0.388235294,0.3418925195451706,96.7482739464263,0.112426035,0.209072978,0.134117647
Brock Rodden,AAA,SEA,26,92,410,359,94,19,54,65,43,93,8,0.26183844,0.342298288,0.498607242,0.3676630510677627,108.87116914589767,0.104878048,0.226829268,0.236768802
Jacob Gonzalez,AAA,CHW,24,53,239,200,64,19,43,63,33,49,8,0.32,0.421940928,0.675,0.46580762576453294,170.54177686562764,0.138075313,0.20502092,0.355
Cole Carrigg,AAA,COL,24,57,257,225,76,6,55,42,27,39,30,0.337777777,0.4140625,0.528888888,0.42032373952679336,130.14328072569097,0.105058365,0.151750972,0.191111111
Jonah Cox,"AA,AAA",SFG,24,55,235,207,86,7,45,42,21,40,34,0.415458937,0.467532467,0.647342995,0.48319911698758344,192.77217592188296,0.089361702,0.170212765,0.231884058
Tommy Troy,AAA,ARI,24,56,261,221,69,5,48,31,36,60,9,0.312217194,0.411538461,0.466063348,0.4007690741465642,117.73341183513801,0.137931034,0.229885057,0.153846154
Brice Matthews,AAA,HOU,24,7,29,24,1,0,0,2,3,12,1,0.041666666,0.137931034,0.041666666,0.11043522070194113,-44.961669301025594,0.103448275,0.413793103,0
Brett Bateman,AAA,TOR,24,84,359,293,91,3,61,33,62,67,20,0.310580204,0.428969359,0.416382252,0.3921577004004986,125.87512908385482,0.172701949,0.186629526,0.105802048
Charles McAdoo,AAA,TOR,24,89,385,331,89,16,57,57,48,86,12,0.268882175,0.366233766,0.465256797,0.3713936133818193,122.18203966852039,0.124675324,0.223376623,0.196374622
Drew Cavanaugh,"AA,AAA",SFG,24,54,227,180,56,9,49,34,35,55,6,0.311111111,0.449339207,0.55,0.44321001472726335,165.0194993802502,0.154185022,0.242290748,0.238888889
Max Clark,AAA,DET,21,90,418,362,100,11,65,42,50,66,21,0.276243093,0.368421052,0.433701657,0.36112582268050086,117.66039791921597,0.119617224,0.157894736,0.157458564
Bryce Eldridge,AAA,SFG,21,30,137,114,38,5,25,22,20,41,0,0.333333333,0.445255474,0.517543859,0.4340742524055874,156.62026153908087,0.145985401,0.299270072,0.184210526
Scott Bandura,"AA,AAA",SFG,24,131,604,510,163,13,104,94,73,91,34,0.319607843,0.407035175,0.488235294,0.400875574490368,137.81965681431228,0.120860927,0.150662251,0.168627451
Bo Davidson,"AA,AAA",SFG,23,125,549,486,141,29,85,94,53,118,20,0.290123456,0.360655737,0.526748971,0.3839407301211095,128.953100204759,0.096539162,0.214936247,0.236625515
George Lombard Jr.,"AA,AAA,CPX",NYY,21,78,358,289,82,12,65,33,60,76,14,0.283737024,0.410614525,0.498269896,0.4050252014698263,140.98307247685435,0.167597765,0.212290502,0.214532872
John Peck,"A,A+,AA,AAA",DET,23,70,298,271,78,11,52,47,19,75,22,0.287822878,0.338926174,0.501845018,0.36455507546463267,119.87945392204439,0.063758389,0.251677852,0.21402214
Cooper Pratt,"A+,AAA",MIL,21,59,264,222,54,6,35,33,34,37,17,0.243243243,0.348659003,0.387387387,0.33741257177002126,99.60234957128101,0.128787878,0.140151515,0.144144144
LuJames Groover,AAA,ARI,24,96,440,374,114,6,69,57,53,67,4,0.304812834,0.389016018,0.435828877,0.3752409462271066,101.79718406696577,0.120454545,0.152272727,0.131016043
Walker Jenkins,"A,A+,AAA",MIN,21,73,324,279,90,14,56,31,43,50,17,0.322580645,0.416666666,0.559139784,0.4296159302746808,151.28101435147894,0.132716049,0.154320987,0.236559139
Colt Emerson,AAA,SEA,20,38,169,145,37,7,26,26,17,46,10,0.255172413,0.347305389,0.468965517,0.3608123150216528,104.59451829414361,0.100591715,0.272189349,0.213793104
A.J. Ewing,"AA,AAA",NYM,21,30,132,109,37,2,25,11,22,20,17,0.339449541,0.446969696,0.513761467,0.4285082505507903,158.3445251394884,0.166666666,0.151515151,0.174311926
Cooper Ingle,AAA,CLE,24,104,473,381,113,20,85,69,86,108,2,0.296587926,0.423728813,0.527559055,0.42061633732161957,151.3162363520126,0.181818181,0.228329809,0.230971129
Travis Bazzana,AAA,CLE,23,24,117,94,27,2,18,10,21,25,8,0.287234042,0.422413793,0.510638297,0.41663755990307905,148.77998546312872,0.179487179,0.213675213,0.223404255
Ryan Waldschmidt,AAA,ARI,23,51,234,191,55,6,43,29,31,53,6,0.287958115,0.405172413,0.492146596,0.40413464734266547,119.83440965184997,0.132478632,0.226495726,0.204188481
Sean Keys,"AA,AAA",TOR,23,100,435,357,105,28,76,80,60,97,7,0.294117647,0.417050691,0.602240896,0.43826364890052105,164.90760020895306,0.137931034,0.222988505,0.308123249
Sam Antonacci,AAA,CHW,23,14,67,48,15,2,6,7,15,8,5,0.3125,0.5,0.479166666,0.44925112082408025,159.9879192468628,0.223880597,0.119402985,0.166666666
Tommy White,"AA,AAA",OAK,23,76,346,314,95,10,53,64,20,48,2,0.30254777,0.352601156,0.464968152,0.3630530358738982,97.60649019686569,0.057803468,0.138728323,0.162420382
Kaelen Culpepper,AAA,MIN,23,74,343,295,80,14,63,46,39,64,17,0.27118644,0.367346938,0.477966101,0.3760134961792748,117.88574454900444,0.113702623,0.186588921,0.206779661
Joshua Kuroda-Grauer,"AA,AAA",OAK,23,78,375,346,111,7,77,44,22,31,15,0.320809248,0.365333333,0.473988439,0.3746926164627075,106.8682476739264,0.058666666,0.082666666,0.153179191
Konnor Griffin,"AA,AAA",PIT,20,9,38,29,12,1,7,4,8,8,3,0.413793103,0.552631578,0.689655172,0.5375093833396309,225.93034887478711,0.210526315,0.210526315,0.275862069
Braden Montgomery,"AA,AAA",CHW,23,56,258,210,66,10,52,41,39,64,5,0.314285714,0.42248062,0.547619047,0.42358155074969744,149.6638672950941,0.15116279,0.248062015,0.233333333
Kristian Robinson,AAA,ARI,25,116,501,421,113,15,79,60,67,145,22,0.268408551,0.373493975,0.441805225,0.3706104869105251,98.90656652645852,0.133732534,0.289421157,0.173396674
Eduardo Garcia,"AA,AAA",MIL,23,115,412,360,77,10,43,40,40,122,21,0.213888888,0.300970873,0.316666666,0.2870314984935001,67.46163686608871,0.097087378,0.296116504,0.102777778
Willy Vasquez,"AA,AAA",BAL,24,81,290,248,63,5,37,29,35,84,14,0.254032258,0.347222222,0.358870967,0.3249466527214449,89.01012698754157,0.120689655,0.289655172,0.104838709
Aeverson Arteaga,"AA,AAA",SFG,23,103,381,338,87,6,42,49,24,94,4,0.257396449,0.313672922,0.375739644,0.3126635968525352,82.04857444571913,0.062992125,0.24671916,0.118343195
Yerlin Confidan,"A+,AA",CIN,23,126,527,467,119,15,63,73,52,121,9,0.254817987,0.332068311,0.40471092,0.33553524623559594,89.75391614381351,0.098671726,0.229601518,0.149892933
Kala'i Rosario,"AA,AAA",MIN,23,100,414,354,92,22,60,54,53,128,11,0.259887005,0.364734299,0.480225988,0.3764348466327225,115.85191146590667,0.128019323,0.309178743,0.220338983
Ricardo Olivar,"AA,AAA",MIN,24,39,164,146,40,12,26,42,16,32,3,0.273972602,0.347560975,0.602739726,0.40316624430621545,131.28523003694818,0.097560975,0.195121951,0.328767124
Jose Devers,AA,CLE,23,83,318,281,76,2,42,33,33,88,10,0.270462633,0.348101265,0.345195729,0.3210998694353466,94.3967674219786,0.103773584,0.276729559,0.074733096
Adrian Pinto,"A,AA",TOR,23,53,219,183,44,3,22,21,32,36,1,0.240437158,0.359447004,0.387978142,0.3460799062856331,104.3526830306552,0.146118721,0.164383561,0.147540984
Christian Cerda,AAA,ARI,23,70,242,205,48,5,26,37,28,53,0,0.234146341,0.330543933,0.360975609,0.32143199294182045,68.20632545693584,0.115702479,0.219008264,0.126829268
Victor Arias,"A,AA",TOR,22,92,375,346,76,10,45,46,26,89,11,0.219653179,0.278074866,0.367052023,0.2888177625316987,69.95713453976687,0.069333333,0.237333333,0.147398844
Omar Alfonzo,"A,AA,CPX",PIT,22,88,356,310,62,10,39,45,37,120,0,0.2,0.292957746,0.338709677,0.2892161216534359,70.36056902607609,0.103932584,0.337078651,0.138709677
Cristian Hernández,AA,MIA,22,117,488,430,109,13,63,47,53,122,35,0.253488372,0.336755646,0.411627906,0.33632911512249547,99.81844650182414,0.108606557,0.25,0.158139534
Victor Acosta,"A+,CPX",CIN,22,49,171,145,36,4,29,18,11,36,5,0.248275862,0.339285714,0.427586206,0.3499457484909466,96.77150469553692,0.064327485,0.210526315,0.179310344
Samuel Zavala,AA,CHW,21,118,484,383,90,14,69,44,94,112,12,0.234986945,0.390041493,0.389033942,0.36261532811208386,117.91951357667625,0.194214876,0.231404958,0.154046997
Hendry Mendez,"AA,AAA",MIN,22,102,437,374,105,12,59,63,53,73,5,0.280748663,0.373853211,0.430481283,0.36383234289870864,109.1665964693654,0.121281464,0.167048054,0.14973262
Ronald Hernandez,A+,NYM,22,107,454,376,77,10,52,50,70,113,24,0.204787234,0.337004405,0.332446808,0.319997175412031,88.05009885510324,0.154185022,0.248898678,0.127659574
Thayron Liranzo,"A,AA",DET,22,91,393,322,68,19,57,64,60,107,2,0.211180124,0.333333333,0.440993788,0.34376213219936264,105.22515359491992,0.152671755,0.272264631,0.229813664
Leo Balcazar,"AA,AAA",CIN,22,139,594,522,125,12,65,69,65,113,3,0.239463601,0.328836424,0.363984674,0.31797623423259536,83.0005272692152,0.109427609,0.19023569,0.124521073
Gregory Barrios,AA,TBR,22,112,438,409,105,3,59,48,19,57,41,0.256723716,0.290993071,0.325183374,0.2794114727070921,64.95873772325122,0.043378995,0.130136986,0.068459658
Jadher Areinamo,"AA,AAA",TBR,22,82,342,317,76,13,37,46,19,59,9,0.239747634,0.282352941,0.406940063,0.3023707268869176,78.43012867544273,0.055555555,0.172514619,0.167192429
Andy Perez,AA,COL,22,128,559,519,148,9,77,61,25,89,27,0.285163776,0.320582877,0.402697495,0.32166021061639716,89.86373018476655,0.044722719,0.15921288,0.117533719
Allan Castro,AAA,BOS,23,119,505,448,113,15,64,77,51,92,20,0.252232142,0.324752475,0.397321428,0.3243042946098343,87.61452568919697,0.100990099,0.182178217,0.145089286
Diego Velasquez,"AA,AAA",SFG,22,121,476,401,117,4,73,44,54,83,22,0.291770573,0.383297644,0.403990024,0.3617982066673181,115.90938205831748,0.113445378,0.174369747,0.112219451
Luis Suisbel,A+,SEA,23,102,433,383,99,19,61,58,35,109,6,0.258485639,0.336426914,0.488250652,0.36342563167248965,104.151819677492,0.080831408,0.251732101,0.229765013
Edward Duran,"A,A+,AA,CPX",TOR,22,65,260,237,54,3,29,25,15,54,4,0.227848101,0.284615384,0.320675105,0.2793540434195445,61.33194463821156,0.057692307,0.207692307,0.092827004
Miguel Bleis,AA,BOS,22,90,353,327,77,13,58,38,20,83,14,0.235474006,0.291784702,0.394495412,0.3053724841760846,78.56762257555494,0.056657223,0.235127478,0.159021406
Izaac Pacheco,"A+,AA",DET,23,96,387,325,77,24,45,66,55,131,5,0.236923076,0.346253229,0.51076923,0.367683340019236,121.46140413904273,0.142118863,0.338501291,0.273846154
Reed Trimble,"A,A+,AAA,CPX",BAL,26,32,132,110,30,11,29,30,17,36,3,0.272727272,0.371212121,0.654545454,0.430518914270037,148.69405655644843,0.128787878,0.272727272,0.381818182
Jay Allen II,"AA,AAA",CIN,23,113,465,397,106,15,74,51,42,111,23,0.267002518,0.363636363,0.438287153,0.36109351827984765,109.82999310072027,0.09032258,0.238709677,0.171284635
Noah Miller,AAA,LAD,23,142,583,515,131,12,69,70,54,105,6,0.254368932,0.318965517,0.4,0.32296907470144076,82.16899935060292,0.092624356,0.180102915,0.145631068
Creed Willems,"A+,AAA",BAL,23,113,463,392,102,21,56,72,51,100,0,0.260204081,0.35064935,0.433673469,0.3483352058593484,106.44041333174552,0.110151187,0.215982721,0.173469388
Gavin Conticello,"AA,AAA",ARI,23,118,492,438,121,19,58,81,47,108,4,0.276255707,0.352342158,0.481735159,0.3678270482090597,96.60530958906234,0.095528455,0.219512195,0.205479452
Cooper Kinney,"AA,AAA",TBR,23,105,452,397,107,15,65,68,45,121,5,0.26952141,0.342920353,0.443324937,0.3483014235981798,105.03078644485349,0.099557522,0.267699115,0.173803527
Keiner Delgado,"AA,AAA",PIT,22,120,528,447,110,12,73,61,63,106,30,0.246085011,0.347328244,0.373601789,0.331115968809783,95.01453738247871,0.119318181,0.200757575,0.127516778
Jaison Chourio,"A+,AA",CLE,21,115,522,441,121,9,82,56,74,107,42,0.274376417,0.375722543,0.408163265,0.3581457402715352,114.41965327168981,0.141762452,0.204980842,0.133786848
Anthony Gutierrez,A+,TEX,21,1,1,1,0,0,0,0,0,1,0,0,0,0,0,-100,0,1,0
Samuel Munoz,A+,LAD,21,95,368,324,68,7,33,40,37,74,6,0.209876543,0.296195652,0.314814814,0.28983501004784,62.1928016396838,0.100543478,0.201086956,0.104938271
Yordany De Los Santos,"A,A+",PIT,21,92,426,381,99,19,79,68,32,122,45,0.259842519,0.329411764,0.482939632,0.35839191520915314,101.17011658685973,0.07511737,0.286384976,0.223097113
Nelson Rada,AAA,LAA,20,128,585,485,135,3,97,45,72,109,43,0.278350515,0.376098418,0.362886597,0.3491609179427926,89.21159895295898,0.123076923,0.186324786,0.084536082
Victor Ortega,"A,A+",MIA,22,65,250,189,58,4,37,36,51,35,0,0.306878306,0.464,0.476190476,0.44380743384361265,156.10293748728648,0.204,0.14,0.16931217
Aroon Escobar,AA,PHI,21,132,569,487,112,12,82,69,67,92,27,0.229979466,0.332161687,0.347022587,0.3142354801585259,80.9191388842498,0.117750439,0.16168717,0.117043121
Capri Ortiz,A+,LAA,21,110,443,400,93,8,52,57,25,105,38,0.2325,0.291571753,0.35,0.293063324241812,71.87182488087718,0.056433408,0.237020316,0.1175
Derek Bernard,"A,A+,CPX",COL,20,95,416,351,91,9,67,58,58,110,10,0.259259259,0.365384615,0.398860398,0.35574958186883193,99.11854142041632,0.139423076,0.264423076,0.139601139
Axiel Plaz,A+,PIT,20,94,412,357,109,18,56,74,39,71,3,0.305322128,0.389294403,0.512605042,0.4022127739414391,127.80207396569303,0.094660194,0.172330097,0.207282914
Estuar Suero,A,PIT,20,13,49,47,11,1,3,5,2,23,0,0.234042553,0.265306122,0.361702127,0.2880760492110739,59.8175429776884,0.040816326,0.469387755,0.127659574
Luis Baez,AA,HOU,22,27,104,96,17,0,8,6,6,25,2,0.177083333,0.221153846,0.21875,0.20706835733010218,15.995321250252308,0.057692307,0.240384615,0.041666667
Roynier Hernandez,"A,A+,AA",COL,21,112,492,412,119,7,65,57,72,77,4,0.288834951,0.391038696,0.395631067,0.36453580710054173,104.58454049976592,0.146341463,0.156504065,0.106796116
Jesús  Báez,"A+,AA",STL,21,113,500,453,128,39,86,109,28,80,8,0.282560706,0.328,0.587196467,0.38692522728443146,121.09087901881398,0.056,0.16,0.304635761
Jansel Luis,AA,ARI,21,109,486,448,121,16,75,71,24,122,26,0.270089285,0.315352697,0.444196428,0.3351775345960593,76.03190587235689,0.049382716,0.251028806,0.174107143
Yeremy Cabrera,"A,A+",WSN,20,115,503,431,108,12,70,63,64,133,52,0.250580046,0.345924453,0.403712296,0.3480601164977072,100.1932616354027,0.12723658,0.264413518,0.15313225
Aron Estrada,"AA,AAA",BAL,21,128,530,488,137,25,72,81,33,95,8,0.280737704,0.325141776,0.481557377,0.35021597834300455,102.08550836556266,0.06226415,0.179245283,0.200819673
Jeral Perez,"A+,AA",CHW,21,114,502,432,99,11,61,57,62,113,5,0.229166666,0.33067729,0.361111111,0.32066853647213056,87.6465242648569,0.123505976,0.225099601,0.131944445
Marvin Alcantara,AA,BOS,21,75,306,277,66,6,32,30,20,56,15,0.238267148,0.287581699,0.368231046,0.2908748756436741,69.39690134139911,0.065359477,0.183006535,0.129963898
Thomas Sosa,AA,BAL,21,106,446,399,94,14,49,53,38,121,3,0.235588972,0.307865168,0.406015037,0.316502958133414,80.49252296046353,0.085201793,0.271300448,0.170426065
Jefferson Rojas,"AA,AAA",NYM,21,126,554,489,134,27,90,93,47,96,21,0.274028629,0.338208409,0.505112474,0.3642852863112649,121.29471119649394,0.084837545,0.173285198,0.231083845
Franyerber Montilla,"A,CPX",DET,21,3,7,2,0,0,2,0,5,1,0,0,0.714285714,0,0.5725102339472089,214.75108074869058,0.714285714,0.142857142,0
Josue Briceño,"A,AA,AAA,CPX",DET,21,42,169,144,36,9,23,29,22,41,0,0.25,0.349112426,0.479166666,0.3664612427971067,118.2722774683001,0.130177514,0.24260355,0.229166666
Alberto Barriga,"A+,AA",ARI,21,97,397,354,87,13,45,49,37,84,14,0.245762711,0.319899244,0.415254237,0.3299380145985774,79.84667157679303,0.093198992,0.211586901,0.169491526
Juan Matheus,"A+,AA,AAA",MIA,22,135,583,511,136,16,75,85,56,100,30,0.266144814,0.341968911,0.420743639,0.34354393881631434,102.11814029103729,0.096054888,0.171526586,0.154598825
Chris Suero,AA,NYM,22,114,499,403,81,18,75,51,80,145,37,0.200992555,0.346693386,0.394540942,0.33860608726321817,105.6562191664095,0.160320641,0.290581162,0.193548387
Marco Vargas,"A,AA,CPX",NYM,21,63,278,242,67,4,36,36,35,80,29,0.276859504,0.366906474,0.400826446,0.3504764052504667,110.3841757088252,0.12589928,0.287769784,0.123966942
Cristofer Torin,AA,ARI,21,118,556,495,139,16,91,61,45,62,12,0.28080808,0.344202898,0.44040404,0.3496868305327455,85.02631748270137,0.080935251,0.111510791,0.15959596
Jorgelys Mota,"A,A+,CPX",WSN,21,36,124,99,25,3,14,17,16,39,13,0.252525252,0.39516129,0.373737373,0.37337092766838686,112.92755228526718,0.129032258,0.314516129,0.121212121
Won-Bin Cho,"A+,AA",STL,22,110,454,377,102,20,71,74,72,103,30,0.270557029,0.392070484,0.501326259,0.40090299085898545,129.26710449388497,0.158590308,0.226872246,0.23076923
Yasser Mercedes,"A,A+",MIN,21,109,492,426,106,18,71,72,56,137,52,0.248826291,0.343495934,0.453051643,0.36160872682807893,105.80910513614164,0.113821138,0.278455284,0.204225352
Tony Blanco Jr.,"A,A+,CPX",PIT,21,84,349,308,78,25,50,60,35,103,1,0.253246753,0.338108882,0.558441558,0.3856311733352727,117.61765715529806,0.100286532,0.295128939,0.305194805
William Bergolla Jr.,"AAA,CPX",CHW,21,11,45,36,16,0,5,9,5,4,2,0.444444444,0.523809523,0.555555555,0.4904124623253232,185.49788263487434,0.111111111,0.088888888,0.111111111
Matthew Wood,AA,MIL,25,95,386,303,78,18,63,67,71,52,3,0.257425742,0.3984375,0.491749174,0.39375963574275374,134.32398052454866,0.183937823,0.134715025,0.234323432
Logan Wagner,"A+,AA,CPX",LAD,22,94,399,352,86,22,64,66,40,118,6,0.244318181,0.324120603,0.502840909,0.3618123014668124,106.89749031526361,0.100250626,0.295739348,0.258522728
Jud Fabian,AAA,BAL,25,116,451,366,70,14,57,50,71,138,6,0.19125683,0.325112107,0.336065573,0.30919780557075244,81.90185018219773,0.157427937,0.305986696,0.144808743
Tanner Schobel,"AA,AAA",MIN,25,104,389,337,77,7,49,29,45,81,11,0.228486646,0.326478149,0.347181008,0.3130711217465928,77.68491679743951,0.115681233,0.208226221,0.118694362
Jancel Villarroel,"A+,AA,CPX",SFG,21,83,345,304,80,9,42,44,23,63,4,0.263157894,0.340175953,0.41118421,0.341438044201244,100.45186052939187,0.066666666,0.182608695,0.148026316
Ryan Clifford,AAA,NYM,22,115,470,410,74,18,59,56,53,174,8,0.180487804,0.277185501,0.363414634,0.2892618402997568,63.19912229076349,0.112765957,0.370212765,0.18292683
Cam Collier,AA,CIN,21,135,576,513,107,18,64,84,49,150,1,0.208576998,0.286458333,0.368421052,0.2939238328900602,67.1036238912783,0.085069444,0.260416666,0.159844054
Jett Williams,AAA,MIL,22,81,359,305,71,9,60,41,47,79,21,0.232786885,0.339832869,0.383606557,0.3311759238455621,95.7483554867409,0.13091922,0.22005571,0.150819672
Luke Adams,"AAA,CPX",MIL,22,71,295,225,60,16,51,43,42,42,8,0.266666666,0.422680412,0.546666666,0.4263689907146074,153.87849916890818,0.142372881,0.142372881,0.28
Dom Keegan,"AA,AAA",TBR,25,93,381,316,61,12,40,36,56,120,6,0.193037974,0.330708661,0.329113924,0.3121869133839144,78.21459218624646,0.146981627,0.314960629,0.13607595
Josh Kasevich,AAA,TOR,25,130,572,504,142,4,77,47,58,65,8,0.281746031,0.363636363,0.363095238,0.33826829857759544,101.06648072187576,0.101398601,0.113636363,0.081349207
Termarr Johnson,AAA,PIT,22,96,406,332,66,8,57,37,68,101,24,0.19879518,0.335820895,0.319277108,0.31218586973289947,82.71697785689582,0.167487684,0.248768472,0.120481928
Mikey Romero,AAA,BOS,22,113,490,440,105,12,53,61,40,103,2,0.238636363,0.304703476,0.375,0.30665037139549334,76.3611245222918,0.081632653,0.210204081,0.136363637
Bryan Rincon,AA,PHI,22,118,534,424,113,26,92,67,95,111,30,0.266509433,0.410112359,0.516509433,0.4081248957489042,140.310565773192,0.177902621,0.207865168,0.25
Lamar King Jr.,A+,SDP,22,93,376,329,77,4,34,39,36,92,17,0.234042553,0.327127659,0.325227963,0.31317733228206635,75.94622014866337,0.09574468,0.244680851,0.09118541
Cutter Coffey,AA,TOR,22,98,373,327,70,4,36,40,38,124,8,0.214067278,0.297587131,0.311926605,0.2816289217478468,65.88746571143109,0.101876675,0.332439678,0.097859327
Jacob Reimer,"A,A+,AA,CPX",NYM,22,88,382,322,78,10,55,46,50,92,14,0.242236024,0.35078534,0.409937888,0.3441003474976447,107.04442036333974,0.130890052,0.240837696,0.167701864
Brooks Brannon,AA,BOS,22,93,398,350,98,22,50,70,39,115,2,0.28,0.355163727,0.56,0.3916345510434744,133.13423378970177,0.097989949,0.288944723,0.28
Austin Charles,A+,KCR,22,45,186,165,47,7,28,25,16,36,10,0.284848484,0.353260869,0.49090909,0.37721730250379315,115.24448826577152,0.086021505,0.193548387,0.206060606
Xavier Isaac,"AA,AAA",TBR,22,117,500,396,102,27,88,79,94,142,20,0.257575757,0.402,0.51010101,0.40150542572170556,140.63589679606122,0.188,0.284,0.252525253
Druw Jones,AA,ARI,22,116,510,436,118,7,80,54,61,146,38,0.270642201,0.360946745,0.373853211,0.3408233504558691,79.53178566948354,0.119607843,0.286274509,0.10321101
Andrew Pintar,AAA,MIA,25,90,364,312,83,10,55,48,41,83,27,0.266025641,0.356353591,0.419871794,0.3510186336317115,110.50225517651982,0.112637362,0.228021978,0.153846153
Luis Guanipa,"A,A+",ATL,20,122,568,514,144,14,77,89,38,77,42,0.280155642,0.330985915,0.426070038,0.348369392663293,101.2577940816148,0.066901408,0.13556338,0.145914396
Demetrio Crisantes,"A+,AA,AAA,CPX",ARI,21,92,395,342,100,10,62,53,43,69,0,0.29239766,0.37659033,0.476608187,0.3822507459395411,106.20987745058945,0.108860759,0.174683544,0.184210527
Alfredo Duno,"A+,AA",CIN,20,97,433,363,102,19,66,61,66,102,5,0.280991735,0.394919168,0.504132231,0.40150291916942377,129.70313998402335,0.152424942,0.235565819,0.223140496
Joendry Vargas,A,LAD,20,120,554,515,151,12,79,84,27,104,24,0.293203883,0.33273056,0.452427184,0.34997371178639086,94.80473379372395,0.048736462,0.187725631,0.159223301
Sebastian Walcott,"AA,AAA,CPX",TEX,20,41,187,166,54,10,48,21,19,45,13,0.325301204,0.401069518,0.590361445,0.43126452766000273,149.07782204788813,0.101604278,0.240641711,0.265060241
Starlyn Caba,A+,MIA,20,82,373,296,70,7,50,47,71,90,21,0.236486486,0.388739946,0.378378378,0.36757070497277594,112.09393075653888,0.190348525,0.241286863,0.141891892
Brailer Guerrero,"A,CPX",TBR,20,53,218,182,40,5,20,23,32,66,6,0.219780219,0.334862385,0.351648351,0.333693836807111,91.38174380911688,0.14678899,0.302752293,0.131868132
Robert Calaz,A+,COL,20,105,420,376,89,12,44,47,37,128,11,0.236702127,0.311904761,0.396276595,0.3202348489136923,75.62494201677148,0.088095238,0.304761904,0.159574468
Yophery Rodriguez,A+,BOS,20,96,400,357,88,16,61,50,34,93,2,0.246498599,0.3175,0.462184873,0.34399894908070566,94.49341652904398,0.085,0.2325,0.215686274
Arnaldo Lantigua,"A,CPX",CIN,20,108,476,392,103,14,73,73,74,106,4,0.262755102,0.382352941,0.436224489,0.3838839169059481,113.93881579996551,0.155462184,0.222689075,0.173469387
Yoeilin Cespedes,"A+,AA",BOS,20,107,486,442,104,20,67,67,36,123,4,0.235294117,0.29484536,0.436651583,0.3209749222540658,81.78284104606142,0.074074074,0.253086419,0.201357466
Enrique Jimenez,"A,A+,CPX",MIN,20,40,174,137,33,6,30,17,36,40,0,0.240875912,0.396551724,0.408759124,0.3845158616701762,118.13816568417452,0.206896551,0.229885057,0.167883212
Filippo Di Turi,"A,A+",MIL,20,107,436,342,65,4,59,34,83,95,23,0.190058479,0.353211009,0.274853801,0.3248739416172745,80.03857485957406,0.190366972,0.217889908,0.084795322
Randy Guzman,"A,A+,CPX",NYM,21,72,294,250,70,13,50,49,30,82,5,0.28,0.374149659,0.5,0.3967512766925656,125.08162974069187,0.102040816,0.278911564,0.22
Carlos Virahonda,"A,A+,AA",ARI,20,102,448,375,102,19,64,94,37,77,6,0.272,0.376681614,0.493333333,0.38838871698743027,121.81585684379755,0.082589285,0.171875,0.221333333
Juan Flores,"A+,AA",LAA,20,96,398,359,82,16,53,59,20,103,0,0.228412256,0.286075949,0.415041782,0.30902544908885715,84.11011309800443,0.050251256,0.258793969,0.186629526
Joshua Liranzo,A,BAL,19,77,318,265,51,3,41,30,45,88,24,0.19245283,0.316455696,0.264150943,0.29682261826871315,70.752918482313,0.141509433,0.276729559,0.071698113
Eduardo Quintero,"A+,AA",LAD,20,112,506,403,124,13,108,70,88,105,44,0.307692307,0.442687747,0.498759305,0.4326831250793849,148.8641130427283,0.173913043,0.207509881,0.191066998
Starlyn Nunez,A,BOS,20,97,434,383,85,12,58,52,40,112,21,0.221932114,0.300230946,0.38381201,0.321187492743926,77.11555424969804,0.092165898,0.258064516,0.161879896
Miguel Rodríguez,"A,CPX",BAL,20,71,275,220,58,2,33,41,43,28,5,0.263636363,0.397810218,0.345454545,0.3720670377251005,113.03553238103181,0.156363636,0.101818181,0.081818182
Heriberto Rincon,"A,A+,CPX",NYM,20,50,167,157,39,4,17,24,4,43,17,0.248407643,0.281437125,0.343949044,0.2935395287182517,55.97000093161504,0.023952095,0.257485029,0.095541401
Andres Valor,A,MIA,20,115,501,418,89,14,74,46,71,168,58,0.21291866,0.337325349,0.380382775,0.3411173436218155,94.342187554704,0.141716566,0.335329341,0.167464115
John Gil,"A+,AA",ATL,20,130,592,503,132,14,85,60,71,120,60,0.262425447,0.356536502,0.391650099,0.3441758574775605,105.43190592257896,0.119932432,0.202702702,0.129224652
Edgleen Perez,A,PIT,20,77,335,287,85,2,31,43,41,47,0,0.296167247,0.385074626,0.351916376,0.35952828286299066,102.42076801345516,0.122388059,0.140298507,0.055749129
Gerardo Rodriguez,A+,BOS,20,89,400,353,90,8,49,43,37,57,1,0.254957507,0.3325,0.362606232,0.32072593743477634,80.32806332637702,0.0925,0.1425,0.107648725
Dameury Pena,"A,A+",TOR,20,105,482,426,127,2,74,56,40,34,24,0.298122065,0.369519832,0.373239436,0.3536124692052977,101.92811091692987,0.082987551,0.070539419,0.075117371
Ramon Ramirez,A+,KCR,21,85,372,323,90,13,68,78,39,85,10,0.27863777,0.362162162,0.476780185,0.3779981851577759,115.7179356693137,0.104838709,0.228494623,0.198142415
Asbel Gonzalez,A+,KCR,20,110,510,427,112,3,91,41,52,130,67,0.262295081,0.358148893,0.31381733,0.3284210072196945,85.65940376311934,0.101960784,0.25490196,0.051522249
Franklin Arias,"AA,AAA",BOS,20,117,520,449,145,25,78,91,53,74,9,0.322939866,0.4,0.556792873,0.4118291315865424,145.01406893546675,0.101923076,0.142307692,0.233853007
Javier Mogollon,"A,A+",CHW,20,91,411,344,90,14,68,57,53,123,36,0.261627906,0.368292682,0.447674418,0.3774191359194314,115.83936854653689,0.128953771,0.299270072,0.186046512
Eduardo Tait,A+,MIN,19,116,520,471,104,22,69,73,35,119,2,0.220806794,0.28076923,0.418259023,0.309428361454451,74.25829653254019,0.067307692,0.228846153,0.197452229
Alfredo Alcantara,A+,CIN,20,104,433,373,80,14,56,46,50,112,4,0.214477211,0.315545243,0.361930294,0.31680674481004684,76.09793076353048,0.115473441,0.258660508,0.147453083
Yassel Soler,A+,ARI,20,108,451,403,105,13,56,71,36,101,1,0.260545905,0.334811529,0.401985111,0.3349210447735257,92.39780949975093,0.079822616,0.223946784,0.141439206
Alirio Ferrebus,"A,A+",PHI,20,77,328,294,91,11,41,58,17,42,6,0.309523809,0.362804878,0.493197278,0.3882542908555124,118.2345722594371,0.051829268,0.12804878,0.183673469
Carlos Gutierrez,A+,BOS,21,96,415,350,95,9,74,50,59,80,31,0.271428571,0.380145278,0.431428571,0.3719648694299324,117.61239949934776,0.142168674,0.192771084,0.16
Wilder Dalis,"A,A+,CPX",COL,19,93,413,354,109,19,75,80,51,97,27,0.307909604,0.399515738,0.550847457,0.4193112395577512,136.801154616433,0.123486682,0.234866828,0.242937853
Chase Davis,"A,AA,AAA,CPX",STL,24,93,381,323,73,15,47,58,55,96,13,0.226006191,0.338582677,0.40247678,0.3370279387423867,93.4839441532388,0.144356955,0.251968503,0.176470589
Homer Bush Jr.,"A,AAA",TBR,24,110,397,351,81,5,46,35,28,108,38,0.23076923,0.299741602,0.324786324,0.2891859834200344,64.26666365248433,0.070528967,0.272040302,0.094017094
Charlie Pagliarini,AA,SEA,25,130,588,496,131,27,95,91,81,175,9,0.264112903,0.374149659,0.49798387,0.38628415459272814,136.40685055262148,0.137755102,0.297619047,0.233870967
Johnny Olmstead,AAA,MIA,25,91,322,265,57,9,45,37,43,74,14,0.215094339,0.3375,0.366037735,0.3242117392605749,93.41434034112534,0.133540372,0.229813664,0.150943396
Brock Wilken,AAA,MIL,24,130,543,446,85,17,60,80,81,152,6,0.190582959,0.318600368,0.365470852,0.3139751324117952,84.78380080717808,0.14917127,0.279926335,0.174887893
Sabin Ceballos,AA,SFG,23,120,504,415,94,18,69,57,72,90,11,0.226506024,0.355864811,0.397590361,0.34386294082816377,106.44639508087079,0.142857142,0.178571428,0.171084337
Raudi Rodriguez,"AA,AAA",LAA,22,133,588,497,131,16,100,64,84,125,36,0.263581488,0.373720136,0.410462776,0.358737823800144,110.81638764909971,0.142857142,0.212585034,0.146881288
Will Simpson,"AA,AAA",TBR,24,124,529,467,117,27,76,94,54,147,22,0.250535331,0.332703213,0.481798715,0.3560510169580889,112.77698630760219,0.102079395,0.277882797,0.231263384
Kemp Alderman,AAA,MIA,23,105,439,389,99,19,59,64,38,144,10,0.254498714,0.334851936,0.4344473,0.3417475279591499,104.5924372778358,0.086560364,0.328018223,0.179948586
Max Anderson,"A,AAA",DET,24,113,498,430,130,17,69,61,55,67,6,0.302325581,0.385542168,0.486046511,0.3878873668042531,134.18487244050257,0.110441767,0.134538152,0.18372093
Ryan Ignoffo,AA,MIA,25,77,309,275,67,3,33,38,26,50,15,0.243636363,0.312703583,0.352727272,0.30265996724075916,78.70511643844796,0.084142394,0.161812297,0.109090909
RJ Schreck,"A,AAA",TOR,25,70,278,222,49,10,41,40,49,52,4,0.22072072,0.374100719,0.409909909,0.35926001249016193,113.60685441700289,0.176258992,0.187050359,0.189189189
Keaton Anthony,"A,A+,AAA",PHI,25,89,374,318,93,13,48,58,45,59,0,0.29245283,0.377005347,0.471698113,0.37808219203974475,122.00421487673293,0.120320855,0.15775401,0.179245283
Aidan Miller,"A,AA",PHI,22,4,14,12,4,0,3,2,2,1,1,0.333333333,0.428571428,0.583333333,0.4459948369434902,159.77826031168237,0.142857142,0.071428571,0.25
Aidan Smith,"A,A+,CPX",TBR,21,80,368,319,76,15,64,53,39,111,27,0.238244514,0.31693989,0.426332288,0.33243844108503373,90.33271904757824,0.10597826,0.301630434,0.188087774
Sammy Stafura,"A,A+",NYM,21,81,357,303,81,22,59,59,41,102,22,0.267326732,0.364145658,0.544554455,0.39601750751169457,126.97145992704219,0.114845938,0.285714285,0.277227723
Brandon Winokur,"A+,AA",MIN,21,127,575,497,125,21,83,81,58,162,30,0.251509054,0.337412587,0.426559356,0.34576755699577866,95.6874331633955,0.100869565,0.28173913,0.175050302
Kendall George,"A,AA",LAD,21,60,278,240,79,0,68,21,35,54,36,0.329166666,0.418772563,0.395833333,0.3830940148890664,124.1992259382771,0.12589928,0.194244604,0.066666667
Braylen Wimmer,AA,COL,25,81,317,269,68,4,52,30,36,97,30,0.252788104,0.352380952,0.375464684,0.33404163141099236,97.69581906592035,0.113564668,0.30599369,0.12267658
Charlie Szykowny,"AA,AAA",SFG,26,131,554,502,126,15,66,59,37,109,11,0.250996015,0.309782608,0.410358565,0.31788166349584407,89.30455724439747,0.066787003,0.196750902,0.15936255
Anthony Huezo,"A,A+,AA",HOU,20,112,504,433,105,22,79,73,58,150,47,0.242494226,0.339960238,0.484988452,0.3735189928449172,111.08659532441398,0.115079365,0.297619047,0.242494226
Will Bush,AA,HOU,22,99,423,344,80,13,52,44,73,142,17,0.232558139,0.375886524,0.380813953,0.3554781316019965,107.99555355818887,0.172576832,0.335697399,0.148255814
Zyhir Hope,AA,DET,21,124,564,491,141,29,86,111,62,141,26,0.287169042,0.367021276,0.513238289,0.3829590783399694,126.50401030091629,0.109929078,0.25,0.226069247
Roc Riggio,"AA,AAA",COL,24,112,483,408,108,22,63,69,67,132,21,0.264705882,0.36853002,0.5,0.37992417107479204,122.06101909277741,0.138716356,0.273291925,0.235294118
Dylan Campbell,AA,CHW,23,130,539,473,112,16,75,63,58,122,37,0.236786469,0.321495327,0.416490486,0.32897516711850033,94.13782656292048,0.107606679,0.226345083,0.179704017
Blake Mitchell,A+,KCR,21,115,511,381,89,23,95,75,113,174,27,0.2335958,0.41372549,0.459317585,0.4029894541429396,130.8700860620817,0.221135029,0.340508806,0.225721785
Kehden Hettiger,AA,PHI,22,61,246,204,39,8,32,20,39,86,6,0.19117647,0.31707317,0.348039215,0.30473344836916244,74.90845895013996,0.158536585,0.349593495,0.156862745
George Wolkow,A+,CHW,20,123,557,489,117,22,86,100,50,179,15,0.239263803,0.316546762,0.44580777,0.33691567429551134,94.63261643924643,0.089766606,0.321364452,0.206543967
Garret Forrester,"AA,AAA",MIA,24,55,206,152,33,8,36,20,48,50,6,0.217105263,0.412621359,0.453947368,0.3925065247023978,135.62209989631575,0.233009708,0.242718446,0.236842105
Carson Roccaforte,"AA,AAA",KCR,24,138,622,540,139,35,93,96,65,181,32,0.257407407,0.338187702,0.518518518,0.36829580204273626,112.00487124603556,0.104501607,0.290996784,0.261111111
Devin Saltiban,A+,PHI,21,109,456,417,103,7,54,54,32,123,32,0.247002398,0.309210526,0.371702637,0.31167323207646086,80.71088369304937,0.070175438,0.269736842,0.124700239
Jonathon Long,AAA,CHC,24,133,598,512,141,16,93,83,75,129,3,0.275390625,0.368686868,0.447265625,0.3662151378684663,111.78142854694985,0.12541806,0.215719063,0.171875
Eric Bitonti,"A+,AA",MIL,20,117,517,424,111,25,95,93,82,172,24,0.261792452,0.377906976,0.507075471,0.3934930515520781,122.49687496103022,0.15860735,0.332688588,0.245283019
Alfonsin Rosario,"AA,AAA",CLE,22,108,447,395,91,18,60,62,41,155,17,0.230379746,0.313199105,0.460759493,0.33750342240248027,102.324355529586,0.091722595,0.346756152,0.230379747
Sam Shaw,"A,A+,CPX",TOR,21,32,142,106,27,7,29,26,32,33,4,0.254716981,0.432624113,0.528301886,0.43360570347900934,151.61248544933554,0.225352112,0.232394366,0.273584905
Adrian Santana,"A+,AA,CPX",TBR,20,85,396,354,102,3,65,36,33,43,30,0.288135593,0.356234096,0.364406779,0.33623743178583587,94.27084334449049,0.083333333,0.108585858,0.076271186
Arjun Nimmala,"A,A+,AA,CPX",LAA,20,89,390,327,86,16,61,51,54,89,7,0.262996941,0.371794871,0.49235474,0.38141303764210877,127.72834324545906,0.138461538,0.228205128,0.229357799
Colton Ledbetter,AAA,STL,24,113,477,427,115,13,77,55,42,131,26,0.269320843,0.337526205,0.428571428,0.3425981491116858,99.51170793142026,0.088050314,0.274633123,0.159250585
Enrique Bradfield Jr.,"A,A+,AAA",BAL,24,98,417,355,93,5,77,38,47,93,44,0.26197183,0.352078239,0.363380281,0.33235055572537753,95.78762319087006,0.112709832,0.223021582,0.101408451
Tre' Morgan,"AAA,CPX",TBR,23,70,294,264,67,14,33,39,20,80,2,0.253787878,0.321917808,0.473484848,0.35139466087295584,97.6751014981268,0.06802721,0.272108843,0.21969697
Brayden Taylor,"AA,AAA",TBR,24,121,509,418,110,21,76,70,79,119,28,0.263157894,0.381139489,0.490430622,0.38426020349172807,130.89407175511408,0.155206286,0.233791748,0.227272728
Boston Baro,"A,CPX",NYM,21,11,38,34,11,0,4,5,4,5,3,0.323529411,0.394736842,0.382352941,0.3779234054841493,109.44214025220674,0.105263157,0.131578947,0.05882353
Colin Houck,A+,NYM,21,99,400,358,76,9,47,40,35,154,8,0.212290502,0.2875,0.346368715,0.29114147171378135,70.48678384388491,0.0875,0.385,0.134078213
Tai Peete,"A+,AA,CPX",STL,20,66,312,284,84,13,63,56,28,84,16,0.295774647,0.358974358,0.549295774,0.3974516582794679,126.19830125210653,0.089743589,0.269230769,0.253521127
Kyle Henley,"A,A+",CIN,21,100,441,391,107,3,75,45,37,146,32,0.273657289,0.350797266,0.381074168,0.347314714978116,95.34105526709902,0.083900226,0.331065759,0.107416879
Ralphy Velazquez,"AA,AAA",CLE,21,121,538,465,135,29,78,93,61,107,2,0.29032258,0.379182156,0.548387096,0.4029900602248522,141.9653302980814,0.113382899,0.198884758,0.258064516
Josh Adamczewski,"A+,AA",MIL,21,116,494,407,122,18,83,72,78,95,18,0.299754299,0.417004048,0.508599508,0.41519422545606793,141.97974916489844,0.157894736,0.192307692,0.208845209
Jonny Farmelo,"A+,AA",SEA,21,129,613,509,128,17,95,69,97,158,41,0.251473477,0.375203915,0.436149312,0.3698551133639661,114.53094198555452,0.158238172,0.257748776,0.184675835
Leo De Vries,AA,OAK,19,93,428,369,107,13,63,55,49,91,34,0.289972899,0.377934272,0.457994579,0.373836302588172,115.56443141127811,0.114485981,0.212616822,0.16802168
Sam Brown,AA,WSN,24,88,371,316,78,9,34,34,50,85,0,0.246835443,0.350404312,0.392405063,0.3381555909416425,104.91792474446204,0.134770889,0.229110512,0.14556962
Maui Ahuna,AA,SFG,24,116,460,391,89,6,63,45,53,133,31,0.227621483,0.327472527,0.335038363,0.3075820329425099,83.49625874648211,0.115217391,0.289130434,0.10741688
Felnin Celesten,"A+,AA",SEA,20,111,498,432,118,16,75,64,54,120,25,0.273148148,0.363453815,0.458333333,0.3677701096861593,112.0223179841493,0.108433734,0.240963855,0.185185185
Nelly Taylor,AA,BOS,23,99,380,320,60,8,57,26,51,116,23,0.1875,0.304232804,0.325,0.2912689060051814,69.64615228475981,0.134210526,0.305263157,0.1375
Payton Eeles,"A+,AAA,CPX",BAL,26,75,292,242,64,2,30,23,41,53,9,0.264462809,0.383561643,0.322314049,0.3392313128894137,99.9025051165951,0.140410958,0.181506849,0.05785124
Adolfo Sanchez,"A,CPX",CIN,19,76,339,285,71,12,58,50,40,93,5,0.249122807,0.363905325,0.431578947,0.3710560685449255,94.09113122927977,0.1179941,0.274336283,0.18245614
Paulino Santana,A,TEX,19,126,566,469,124,15,89,64,80,141,29,0.264392324,0.387610619,0.43283582,0.39222105108531174,125.41556319259419,0.141342756,0.249116607,0.168443496
Yovanny Rodriguez,"A,CPX",NYM,19,74,282,239,62,13,43,49,35,84,5,0.259414225,0.358156028,0.460251046,0.38028390525926087,105.4472644322187,0.124113475,0.29787234,0.200836821
Luis Cova,"A,CPX",MIA,19,81,334,273,57,5,44,30,54,72,34,0.208791208,0.338323353,0.326007326,0.3271948770134749,82.29238997273755,0.161676646,0.215568862,0.117216118
Yolfran Castillo,"A,A+",TEX,19,120,542,452,130,8,86,58,70,74,55,0.287610619,0.389610389,0.415929203,0.3856640372957502,121.5196642787817,0.129151291,0.136531365,0.128318584
Dexters Peralta,CPX,NYY,18,58,227,188,43,13,37,45,31,81,9,0.228723404,0.352422907,0.505319148,0.3880512537681951,99.88420913936723,0.136563876,0.356828193,0.276595744
Richard Matic,CPX,NYY,18,58,264,223,63,4,61,28,36,61,15,0.28251121,0.393939393,0.439461883,0.40236364463061997,107.92123929562285,0.136363636,0.231060606,0.156950673
Jirvin Morillo,"A,CPX",CIN,19,76,329,264,80,15,63,69,61,83,5,0.303030303,0.432926829,0.579545454,0.4515449037639106,139.22870721390652,0.185410334,0.252279635,0.276515151
Justin Gonzales,"A+,AA",BOS,19,107,507,421,112,19,82,69,68,101,12,0.266033254,0.384615384,0.448931116,0.380116135528572,117.86961545263165,0.134122287,0.199211045,0.182897862
Enddy Azocar,"A,A+",BOS,19,110,512,471,139,21,98,86,35,114,20,0.295116772,0.34765625,0.537154989,0.3907793950056657,122.06272923592975,0.068359375,0.22265625,0.242038217
Deinys Gonzalez,CPX,TBR,19,15,55,46,16,1,9,7,4,9,2,0.347826086,0.418181818,0.52173913,0.43628506443717263,130.45684876906455,0.072727272,0.163636363,0.173913044
Josueth Quinonez,CPX,DET,19,31,84,68,28,0,12,14,12,10,3,0.411764705,0.506024096,0.455882352,0.4794899146240878,158.61235701635047,0.142857142,0.119047619,0.044117647
Adriel Radney,"A,CPX",ARI,19,84,307,258,60,3,44,33,39,80,4,0.232558139,0.339869281,0.321705426,0.32320866066645954,73.93121732020127,0.12703583,0.260586319,0.089147287
Emil Morales,"A,A+",LAD,19,117,547,471,139,26,80,119,63,140,9,0.295116772,0.382084095,0.545647558,0.4084434562670901,132.59362172599344,0.115173674,0.255941499,0.250530786
Ashly Andujar,"A,CPX",COL,18,95,423,377,92,3,54,41,33,81,7,0.24403183,0.306220095,0.320954907,0.2961991782964131,63.05242694013008,0.078014184,0.191489361,0.076923077
Angel Feliz,A+,WSN,19,117,495,435,101,8,67,53,50,116,36,0.232183908,0.30831643,0.370114942,0.30968370967172465,78.77359052818586,0.101010101,0.234343434,0.137931034
Joswa Lugo,"A,CPX",LAA,19,85,357,299,79,11,57,62,45,83,2,0.264214046,0.37815126,0.448160535,0.38345028689595495,105.52293386706415,0.12605042,0.232492997,0.183946489
Jhonny Level,"A,A+",SFG,19,113,548,489,152,18,91,87,43,96,26,0.310838445,0.374087591,0.513292433,0.39127983101107305,125.00592326845629,0.078467153,0.175182481,0.202453988
Hayden Alvarez,"A,A+",LAA,19,118,551,467,135,12,108,62,75,109,53,0.289079229,0.39090909,0.456102783,0.3869890250942924,118.01987660906849,0.136116152,0.197822141,0.167023554
Roldy Brito,"A,A+",COL,19,117,553,501,153,10,88,75,40,108,41,0.305389221,0.361161524,0.45508982,0.3678013256154346,105.94044639084231,0.07233273,0.195298372,0.149700599
Yairo Padilla,"A,A+,CPX",STL,19,37,157,138,38,5,20,28,18,31,10,0.275362318,0.358974358,0.485507246,0.3855468199039117,119.33299059579338,0.114649681,0.197452229,0.210144928
Marlon Quintero,A,LAA,19,92,374,346,85,8,32,55,19,65,6,0.245664739,0.284182305,0.375722543,0.2959587399825334,61.22851522074411,0.050802139,0.173796791,0.130057804
Edward Florentino,"A,A+",PIT,19,103,475,387,91,27,84,85,76,122,11,0.235142118,0.366315789,0.509043927,0.38695273675416647,118.38524202873077,0.16,0.256842105,0.273901809
Pedro Blanco,A,ARI,19,107,456,391,91,18,53,66,52,172,5,0.232736572,0.333333333,0.442455242,0.3481792722616279,94.88408527731603,0.114035087,0.377192982,0.20971867
Cristian Arguelles,"A,CPX",COL,19,92,417,361,123,11,81,92,46,50,15,0.340720221,0.419664268,0.551246537,0.43576387121237153,137.3308992401844,0.11031175,0.119904076,0.210526316
Reyli Mariano,"AA,CPX",LAD,19,41,166,135,30,3,34,23,27,35,17,0.222222222,0.357575757,0.362962962,0.34925689733389653,86.77647610083403,0.162650602,0.210843373,0.14074074
Ramiro Dominguez,"A,A+",MIN,19,99,450,380,91,12,67,57,49,84,27,0.239473684,0.351111111,0.413157894,0.35887742850515575,105.0089691117328,0.108888888,0.186666666,0.17368421
Rainiel Rodriguez,"A+,AA",STL,19,115,530,451,146,27,97,87,60,101,11,0.323725055,0.413207547,0.574279379,0.4321731712458269,149.51034782123355,0.113207547,0.190566037,0.250554324
Jorge Quintana,A,SDP,19,103,443,381,89,9,56,52,52,125,29,0.2335958,0.328018223,0.367454068,0.32284571795158734,79.24334009136383,0.117381489,0.282167042,0.133858268
Jesús Made,AA,MIL,19,122,558,491,133,14,87,91,57,80,37,0.270875763,0.344086021,0.429735234,0.3432810931488256,102.66977488063567,0.102150537,0.143369175,0.158859471
Edgar Montero,A,OAK,19,104,449,365,84,12,70,53,73,160,11,0.230136986,0.365256124,0.378082191,0.3503957853785583,91.3204801314582,0.162583518,0.356347438,0.147945205
Jordan Sanchez,"A,A+",BAL,20,88,357,318,76,10,38,55,30,83,7,0.23899371,0.310924369,0.383647798,0.324044811926531,86.60386211874898,0.084033613,0.232492997,0.144654088
Handelfry Encarnacion,A,MIL,19,111,531,432,108,12,75,71,86,94,27,0.25,0.378531073,0.405092592,0.376874638030309,111.0068070898915,0.161958568,0.177024482,0.155092592
José Anderson,A,MIL,19,103,456,393,68,23,50,70,48,183,12,0.173027989,0.271929824,0.389312977,0.3068624459076346,69.28915418542027,0.105263157,0.401315789,0.216284988
Luis Peña,"A+,AA,CPX",MIL,19,70,292,253,75,3,49,27,30,58,35,0.296442687,0.380136986,0.415019762,0.3688089908802346,108.33721756895916,0.102739726,0.198630136,0.118577075
Eduardo Rojas,"A,AAA,CPX",LAD,19,31,106,84,28,1,20,15,19,17,0,0.333333333,0.452830188,0.44047619,0.430701752316277,132.83909762660141,0.179245283,0.160377358,0.107142857
Elvin Garcia,"A,CPX",BAL,19,74,294,255,60,3,29,21,32,105,0,0.235294117,0.334470989,0.317647058,0.3245710634941127,83.1136825665825,0.108843537,0.357142857,0.082352941
Robert Arias,A,CLE,19,43,190,158,46,5,35,26,29,27,21,0.29113924,0.396825396,0.462025316,0.4042221566356679,132.18195847132586,0.152631578,0.142105263,0.170886076
Yandel Ricardo,A,KCR,19,109,458,394,105,7,70,47,48,91,27,0.266497461,0.351111111,0.398477157,0.35700851546393503,99.54604935943873,0.104803493,0.198689956,0.131979696
Dauri Fernández,"A,A+",CLE,19,93,424,378,100,6,74,50,40,87,59,0.264550264,0.335697399,0.415343915,0.3505795992576202,99.80262025753697,0.094339622,0.205188679,0.150793651
Juneiker Caceres,"A,A+",CLE,18,74,337,279,84,11,58,52,43,46,7,0.301075268,0.409495548,0.483870967,0.41672277468248364,138.91932248494265,0.127596439,0.136498516,0.182795699
Edgardo De Leon,"A,CPX",MIA,19,56,221,188,41,8,33,37,24,65,9,0.218085106,0.312217194,0.393617021,0.3296867428322184,81.05338583638995,0.108597285,0.294117647,0.175531915
Jemone Nuel,"A,CPX",BAL,19,83,320,251,61,3,46,39,60,64,37,0.243027888,0.393081761,0.374501992,0.3816710980433338,102.78089448726598,0.1875,0.2,0.131474104
Luis Aguilera,CPX,DET,19,43,118,105,29,0,17,11,11,14,4,0.276190476,0.355932203,0.323809523,0.34371802968493964,82.37053661635005,0.093220338,0.118644067,0.047619047
Jose Cerice,A+,KCR,21,98,419,345,94,6,61,54,39,60,19,0.272463768,0.39088729,0.371014492,0.3672527359258071,109.20299387514942,0.093078758,0.14319809,0.098550724
Edward Lantigua,A,NYM,19,9,34,30,5,0,3,4,2,10,4,0.166666666,0.264705882,0.266666666,0.2633138754788567,44.70285895652375,0.058823529,0.294117647,0.1
Gabriel Rodriguez,"A,CPX",CLE,19,72,304,247,50,3,38,30,50,60,22,0.202429149,0.335526315,0.267206477,0.309745385262527,74.12284740818373,0.164473684,0.197368421,0.064777328
Eduardo Beltre,A,MIN,19,16,67,62,15,3,6,9,5,18,3,0.241935483,0.298507462,0.387096774,0.31746772420940117,80.31701828539065,0.074626865,0.268656716,0.145161291
Franklin Rojas,CPX,TOR,19,44,179,143,38,3,26,29,34,39,0,0.265734265,0.413407821,0.426573426,0.412206065721352,120.66240529699061,0.189944134,0.217877094,0.160839161
Wilberson De Pena,"A,CPX",NYY,19,77,340,308,96,20,58,77,25,76,25,0.311688311,0.373529411,0.594155844,0.4307233161786023,128.52353825846467,0.073529411,0.223529411,0.282467533
Jose Perdomo,A,ATL,19,2,6,6,0,0,0,0,0,2,0,0,0,0,0,-100,0,0.333333333,0
Elijah Hainline,AA,LAD,23,109,479,380,93,13,70,66,84,122,18,0.244736842,0.388655462,0.394736842,0.365836772097259,114.29886089343802,0.175365344,0.254697286,0.15
Fenwick Trimble,AA,MIA,23,84,369,327,86,15,50,49,34,77,19,0.262996941,0.344173441,0.464831804,0.35779533848206846,113.27953736746704,0.092140921,0.208672086,0.201834863
Ching-Hsien Ko,A,LAD,19,114,531,430,112,21,94,85,89,128,1,0.260465116,0.391713747,0.469767441,0.38980615578436895,118.48473538143914,0.167608286,0.241054613,0.209302325
Zach Ehrhard,AAA,LAD,23,138,640,532,155,20,120,93,94,129,28,0.291353383,0.4,0.471804511,0.3945977443829179,126.88402108571195,0.146875,0.2015625,0.180451128
Duce Gourson,"AA,AAA",PIT,23,127,541,442,109,13,81,61,80,134,38,0.246606334,0.376623376,0.395927601,0.35518660558668597,110.23893713532075,0.147874306,0.247689463,0.149321267
Malcolm Moore,"A+,AA",TEX,22,97,423,369,96,18,55,61,37,92,0,0.260162601,0.352245862,0.479674796,0.37071628266192497,113.16229451666489,0.087470449,0.217494089,0.219512195
Dylan Dreiling,AA,TEX,23,116,538,475,148,22,89,84,56,110,14,0.311578947,0.379888268,0.515789473,0.3919167486246159,126.16235013513757,0.104089219,0.204460966,0.204210526
Jared Thomas,"AA,CPX",COL,22,32,141,124,35,4,28,17,11,50,12,0.282258064,0.357142857,0.43548387,0.3570381211383002,108.14970476558513,0.078014184,0.354609929,0.153225806
Brendan Jones,"AA,AAA",MIA,24,107,447,381,88,14,63,44,59,108,48,0.230971128,0.338565022,0.422572178,0.34039613370145305,102.61713177079703,0.131991051,0.241610738,0.19160105
Walker Janek,"A,AA,CPX",HOU,23,72,294,264,66,10,41,48,25,94,27,0.25,0.319727891,0.412878787,0.3326277615261727,89.40373679154885,0.085034013,0.319727891,0.162878787
Charlie Condon,AAA,COL,23,130,598,498,136,27,105,98,79,150,8,0.273092369,0.389632107,0.514056224,0.40062412404934167,117.84556895518557,0.132107023,0.25083612,0.240963855
Khadim Diaw,"A+,AA",MIN,22,107,476,392,120,9,69,47,56,71,14,0.306122448,0.416842105,0.451530612,0.40108591983192843,129.6685016528796,0.117647058,0.149159663,0.145408164
Kyle DeBarge,AA,MIN,22,120,533,457,101,12,73,49,66,138,41,0.221006564,0.324528301,0.352297592,0.3147501999477171,75.91448586842301,0.123827392,0.258911819,0.131291028
Brandon Butterworth,"A+,AA,AAA,CPX",BAL,23,87,370,312,83,15,51,41,48,89,23,0.266025641,0.371584699,0.477564102,0.3775537750878177,118.14862081733823,0.129729729,0.24054054,0.211538461
Parks Harber,"AA,AAA",SFG,24,120,548,472,128,18,69,81,64,132,5,0.27118644,0.359489051,0.455508474,0.36346317588412846,116.05701859105248,0.116788321,0.240875912,0.184322034
Nick Mitchell,AA,WSN,22,105,462,395,103,6,66,52,57,80,24,0.260759493,0.360869565,0.362025316,0.33518244961033694,103.2239666072829,0.123376623,0.173160173,0.101265823
James Tibbs III,AAA,LAD,23,141,643,523,150,30,109,107,108,150,10,0.286806883,0.409020217,0.531548757,0.41544391312331796,139.8974819312899,0.167962674,0.233281493,0.244741874
Caden Powell,A+,HOU,22,106,474,412,115,18,73,69,57,131,30,0.279126213,0.367088607,0.453883495,0.3711745913773146,101.3472505803487,0.120253164,0.276371308,0.174757282
Blake Burke,"AA,AAA",MIL,23,127,568,494,130,34,86,97,58,146,29,0.263157894,0.350352112,0.538461538,0.38136890915642796,126.71698572160935,0.102112676,0.257042253,0.275303644
Émilien Pitre,"A+,AA,AAA",TBR,23,118,514,415,127,6,77,58,80,58,35,0.306024096,0.42043222,0.426506024,0.39014386637943,129.3762054497265,0.155642023,0.112840466,0.120481928
Caleb Lomavita,AA,WSN,23,85,347,311,76,14,36,51,30,79,2,0.24437299,0.311239193,0.453376205,0.33319840582372134,101.78216875264249,0.086455331,0.227665706,0.209003215
Eli Serrano III,"A,AA",NYM,23,75,316,265,49,6,29,27,40,83,8,0.18490566,0.298412698,0.335849056,0.2923184241567339,75.13280026088147,0.126582278,0.262658227,0.150943396
Austin Overn,"AA,CPX",TBR,23,64,295,257,78,15,55,41,32,91,49,0.303501945,0.391156462,0.552529182,0.41091724528387547,146.3889380052685,0.108474576,0.308474576,0.249027237
Griff O'Ferrall,AA,BAL,23,116,482,414,92,7,61,40,49,103,32,0.222222222,0.306722689,0.311594202,0.28697745940264535,61.815641352440096,0.101659751,0.213692946,0.08937198
Ethan Anderson,"A+,AA,AAA",BAL,22,93,397,344,99,24,68,55,45,76,7,0.287790697,0.375,0.543604651,0.3999711182348582,133.47466372665647,0.113350125,0.191435768,0.255813954
Dante Nori,"A,A+,AA",PHI,21,72,326,294,70,3,34,27,29,53,17,0.238095238,0.31076923,0.346938775,0.3008032120191134,72.64088914038118,0.088957055,0.162576687,0.108843537
Joseph Sullivan,AA,HOU,23,80,343,294,65,11,47,38,41,107,20,0.221088435,0.32748538,0.391156462,0.32704565322294266,90.37006609419565,0.119533527,0.311953352,0.170068027
Seaver King,"AA,AAA",WSN,23,112,521,455,138,21,88,74,50,112,15,0.303296703,0.38150289,0.516483516,0.39462862331743187,135.63064593019797,0.095969289,0.214971209,0.213186813
Griffin Burkholder,"A,A+",PHI,20,87,396,331,72,8,59,30,43,112,26,0.217522658,0.339240506,0.332326283,0.3274601547023918,84.08800097830056,0.108585858,0.282828282,0.114803625
Hansel Jimenez,CPX,CIN,19,23,82,65,12,3,11,8,13,21,4,0.184615384,0.345679012,0.323076923,0.3339380423227946,65.869435826155,0.158536585,0.25609756,0.138461539
Jacob Cozart,AA,CLE,23,107,446,385,93,17,51,66,51,113,1,0.241558441,0.337078651,0.407792207,0.33557552326931045,103.36643128698182,0.114349775,0.253363228,0.166233766
Owen Ayers,"A+,AA,AAA",CHC,25,125,538,447,129,25,80,82,82,125,13,0.288590604,0.403345724,0.525727069,0.4092101877628092,142.52413707016908,0.152416356,0.232342007,0.237136465
Ariel Armas,AA,CHC,23,108,437,381,87,7,52,38,44,90,7,0.228346456,0.318807339,0.335958005,0.3029953107374524,83.19174640852285,0.100686498,0.205949656,0.107611549
Marco Dinges,"A+,AA",MIL,22,76,324,272,66,12,47,45,47,70,4,0.242647058,0.361111111,0.419117647,0.36080747934771173,103.76963835916948,0.145061728,0.216049382,0.176470589
Kevin Bazzell,"A+,AA",WSN,23,66,270,230,66,9,38,29,30,40,10,0.286956521,0.379182156,0.469565217,0.3817056891643425,124.88877049745834,0.111111111,0.148148148,0.182608696
Dillon Lewis,AA,MIA,23,89,368,339,82,18,43,48,28,111,20,0.241887905,0.301630434,0.460176991,0.331872606245072,97.0238482188528,0.076086956,0.301630434,0.218289086
Jackson Strong,A+,DET,22,98,435,359,71,17,57,55,68,130,22,0.197771587,0.322580645,0.384401114,0.32694189051329264,89.91031974861376,0.156321839,0.298850574,0.186629527
Theo Gillen,"A+,AA",TBR,20,116,533,445,140,22,96,91,74,116,44,0.314606741,0.419172932,0.546067415,0.4250941651464631,150.98268026901798,0.138836772,0.217636022,0.231460674
Dakota Jordan,"A+,AA",SFG,23,102,443,400,113,19,62,74,37,124,21,0.2825,0.343115124,0.5,0.36814377520958225,117.13321639466487,0.083521444,0.279909706,0.2175
Keith Jones II,AA,TEX,24,99,414,347,79,10,56,64,56,111,16,0.227665706,0.338199513,0.377521613,0.3297081794181879,87.59883336803757,0.1352657,0.268115942,0.149855907
Braylon Payne,"A+,AA",MIL,19,102,467,411,114,28,89,67,49,136,25,0.277372262,0.35775862,0.552311435,0.39644069560918127,126.55763791803074,0.104925053,0.291220556,0.274939173
Wehiwa Aloy,"A+,AA",BAL,22,123,533,472,136,25,84,92,52,141,20,0.288135593,0.358348968,0.506355932,0.3797540687038572,119.51013192441647,0.097560975,0.264540337,0.218220339
Aiva Arquette,"A+,AA",MIA,22,64,291,268,73,12,44,48,18,62,21,0.272388059,0.326460481,0.458955223,0.34391801250022175,102.92883893248535,0.06185567,0.213058419,0.186567164
Chris Arroyo,A,MIA,21,2,8,8,3,1,2,2,0,2,0,0.375,0.375,1,0.5764885544776917,234.6817144039784,0,0.25,0.625
RJ Austin,"A,A+",BAL,22,65,285,241,65,8,58,31,31,49,34,0.269709543,0.371929824,0.443983402,0.37229857570246644,114.50173764165106,0.108771929,0.171929824,0.174273859
Max Belyeu,A+,COL,22,65,281,240,56,13,33,33,30,92,4,0.233333333,0.340501792,0.475,0.3624218678816245,101.98537204636591,0.106761565,0.327402135,0.241666667
Caden Bodine,"A,A+,AA,AAA",TBR,22,117,543,468,160,17,83,99,52,34,10,0.341880341,0.410351201,0.517094017,0.4158985456124692,144.37440372740693,0.095764272,0.062615101,0.175213676
Brooks Bryan,A,KCR,21,33,138,119,38,3,11,24,16,27,6,0.319327731,0.405797101,0.495798319,0.42123953458191693,137.81891698468493,0.115942028,0.195652173,0.176470588
Cam Cannarella,"A+,AA,AAA",MIA,22,98,438,367,119,15,73,57,60,79,21,0.324250681,0.422374429,0.51226158,0.4168974988536748,149.46317705200732,0.136986301,0.180365296,0.188010899
Easton Carmichael,"A+,AA",PIT,22,111,484,442,127,20,70,92,33,82,13,0.287330316,0.338842975,0.486425339,0.3622895875745568,106.62874180390992,0.068181818,0.169421487,0.199095023
Trevor Cohen,"A+,AA",SFG,22,129,608,540,161,6,106,53,62,74,46,0.298148148,0.370065789,0.407407407,0.35551024973392487,110.28738602005437,0.101973684,0.121710526,0.109259259
Brandon Compton,"A+,AA,AAA",MIA,22,125,566,455,123,36,93,103,104,191,27,0.27032967,0.411347517,0.575824175,0.43165970325894204,155.75471980392345,0.183745583,0.33745583,0.305494505
Ethan Conrad,"A,A+,CPX",CHC,21,36,152,134,34,5,19,23,16,30,1,0.253731343,0.337748344,0.440298507,0.3621883143652354,107.59547466539827,0.105263157,0.197368421,0.186567164
Jake Cook,"A,CPX",TOR,22,77,348,288,71,5,58,42,51,96,22,0.246527777,0.365994236,0.361111111,0.3529975278576788,99.29225738824996,0.146551724,0.275862068,0.114583334
Dean Curley,"A+,AA",CLE,22,116,527,405,104,17,87,78,107,156,12,0.256790123,0.422053231,0.44691358,0.40360351864375993,135.77516058187166,0.203036053,0.29601518,0.190123457
Charles Davalan,"A+,AA",LAD,22,116,535,444,129,24,103,72,63,57,17,0.29054054,0.4,0.531531531,0.41558769244826244,138.47211229721304,0.117757009,0.106542056,0.240990991
Korbyn Dickerson,"A,A+",SEA,22,107,482,409,112,15,78,53,62,122,35,0.27383863,0.381742738,0.437652811,0.37662408220544924,111.19804203946822,0.128630705,0.253112033,0.163814181
Daniel Dickinson,"A+,AA",MIL,22,120,518,406,115,11,87,69,90,104,61,0.283251231,0.428015564,0.438423645,0.4075998405306256,131.0731553258988,0.173745173,0.2007722,0.155172414
Victor Figueroa,"A+,AA",BAL,22,115,484,429,116,27,69,93,45,155,6,0.27039627,0.34090909,0.524475524,0.3744389993592727,116.0917306904037,0.092975206,0.320247933,0.254079254
Andrew Fischer,"A+,AA",MIL,22,126,560,439,120,48,107,114,102,185,9,0.273348519,0.4125,0.653758542,0.44839017566701456,162.495956331815,0.182142857,0.330357142,0.380410023
Ethan Frey,"A+,CPX",HOU,22,70,313,267,77,10,45,56,41,89,19,0.288389513,0.376996805,0.468164794,0.38003928309831864,106.03090186151951,0.130990415,0.284345047,0.179775281
Henry Godbout,"A,A+,AA",BOS,22,61,281,234,68,15,43,35,33,54,9,0.29059829,0.402135231,0.529914529,0.41477858192980077,140.6188517093213,0.117437722,0.192170818,0.239316239
Murf Gray,"A,A+,AA",PIT,22,126,558,469,143,32,100,97,66,114,5,0.304904051,0.402154398,0.567164179,0.42491889214344164,145.67029325302002,0.118279569,0.204301075,0.262260128
Jack Gurevitch,"A,A+,AA",STL,22,119,542,480,136,32,80,96,49,169,7,0.283333333,0.360443622,0.541666666,0.39783898970997045,127.30581211745405,0.090405904,0.311808118,0.258333333
Ethan Hedges,A+,COL,22,114,513,463,119,16,66,76,40,137,3,0.257019438,0.325536062,0.416846652,0.33483200742487323,84.74593195581822,0.077972709,0.26705653,0.159827214
Marek Houston,"A+,AA",MIN,22,116,554,477,149,12,92,60,61,108,50,0.312368972,0.392014519,0.454926624,0.38569676129657865,120.11970178679609,0.110108303,0.194945848,0.142557652
Ike Irish,A+,BAL,22,76,343,290,83,16,62,59,43,75,20,0.286206896,0.387755102,0.527586206,0.4048061106712408,134.50104569777628,0.125364431,0.218658892,0.24137931
Antonio Jimenez,"A,A+",NYM,22,98,409,349,70,10,52,32,46,112,23,0.200573065,0.310513447,0.338108882,0.30864864296318556,76.38453244968562,0.112469437,0.27383863,0.137535817
Jared Jones,"A,A+,CPX",PIT,22,89,383,326,102,23,71,70,54,111,0,0.312883435,0.412532637,0.558282208,0.4295728584804983,144.5093870537618,0.140992167,0.289817232,0.245398773
Kaeden Kent,A+,SFG,22,86,400,366,109,8,60,48,30,64,24,0.297814207,0.35,0.43989071,0.35601366579532623,106.66665692201883,0.075,0.16,0.142076503
Kane Kepley,"A+,AA",CHC,22,125,595,444,108,10,127,70,120,89,70,0.243243243,0.422297297,0.4009009,0.392485704373669,127.10136859171367,0.201680672,0.149579831,0.157657657
Gavin Kilen,"A+,AA",SFG,22,111,492,440,126,11,64,82,43,70,1,0.286363636,0.347560975,0.463636363,0.35883494787584475,111.95975214370958,0.087398373,0.142276422,0.177272727
Paxton Kling,"A+,AA",TEX,23,89,401,321,78,7,61,34,57,102,40,0.242990654,0.382871536,0.361370716,0.3566728812321007,105.03551001145493,0.142144638,0.254364089,0.118380062
Jace LaViolette,"A+,AA",CLE,22,110,512,440,99,27,89,89,62,195,16,0.225,0.32745098,0.463636363,0.35263222163798763,102.47439619498894,0.12109375,0.380859375,0.238636363
Alex Lodise,"A,A+,AA",ATL,22,134,620,537,146,28,98,84,56,140,17,0.271880819,0.355411954,0.486033519,0.381865981713082,122.1566179637386,0.09032258,0.225806451,0.2141527
Cole Mathis,"A,A+,CPX",NYM,22,52,235,189,45,10,41,42,36,56,8,0.238095238,0.370212765,0.486772486,0.3893047071517782,123.52182658411701,0.153191489,0.238297872,0.248677248
Nick Monistere,"A,A+,CPX",HOU,22,54,223,186,34,2,29,20,26,73,20,0.182795698,0.295454545,0.284946236,0.2863442299040881,55.78790694966739,0.116591928,0.32735426,0.102150538
Ethan Petry,"A+,AA",WSN,22,110,470,419,107,24,49,75,41,144,6,0.255369928,0.331914893,0.484486873,0.35781083635684013,113.12892079953035,0.087234042,0.306382978,0.229116945
James Quinn-Irons,"A,CPX",TBR,23,7,27,21,5,0,4,2,4,8,5,0.238095238,0.37037037,0.285714285,0.33596266199041297,91.84078297760378,0.148148148,0.296296296,0.047619047
Nolan Schubart,"A+,AA",CLE,22,119,537,430,105,35,85,109,103,181,3,0.244186046,0.391061452,0.537209302,0.4076205116979192,138.37808104524845,0.191806331,0.337057728,0.293023256
Mike Sirota,"A+,AA,AAA",LAD,23,108,501,388,119,17,100,62,100,114,13,0.30670103,0.461077844,0.525773195,0.4468079293797354,161.9938539163488,0.199600798,0.22754491,0.219072165
Kade Snell,A+,CHC,23,81,359,305,82,9,52,58,35,74,19,0.268852459,0.350140056,0.426229508,0.3534310603676056,99.74009680606068,0.097493036,0.206128133,0.157377049
Ryan Sprock,"A,A+",TOR,21,98,427,343,103,11,73,58,70,57,16,0.300291545,0.421545667,0.469387755,0.41258910068025073,139.4489329782995,0.163934426,0.133489461,0.16909621
Luke Stevenson,A+,SEA,21,103,474,367,89,22,81,83,98,139,8,0.242506811,0.405063291,0.487738419,0.40191498952072885,128.20177744326253,0.206751054,0.293248945,0.245231608
Brendan Summerhill,"A,A+,CPX",TBR,22,85,377,323,81,5,54,45,46,55,24,0.250773993,0.351063829,0.352941176,0.3422478277315485,96.07859766597372,0.122015915,0.145888594,0.102167183
Devin Taylor,"A+,AA,AAA",OAK,22,141,647,542,167,23,99,106,96,176,13,0.308118081,0.411128284,0.492619926,0.40797153902938227,128.51040798408468,0.148377125,0.272024729,0.184501845
Gavin Turley,"A,A+",OAK,22,87,382,318,74,15,53,68,53,122,4,0.232704402,0.35078534,0.415094339,0.3514480342727681,91.29085352205092,0.138743455,0.319371727,0.182389937
Landyn Vidourek,"A,CPX",COL,22,98,415,334,54,11,63,45,78,151,16,0.161676646,0.323671497,0.314371257,0.31022188643326504,71.49552911851188,0.187951807,0.363855421,0.152694611
Mitch Voit,"A+,AA",NYM,21,105,483,411,112,13,80,59,51,94,45,0.272506082,0.371369294,0.430656934,0.3657369392294112,118.28772908642102,0.105590062,0.194616977,0.158150852
Aaron Walton,"A+,AA",CLE,22,125,569,468,126,22,102,86,72,150,33,0.269230769,0.391534391,0.495726495,0.3992237980613843,132.91220420789452,0.126537785,0.263620386,0.226495726
Mason White,"A+,AA",BOS,22,101,411,350,88,18,54,55,51,102,2,0.251428571,0.352798053,0.48,0.36748336015678035,111.33590998284845,0.124087591,0.248175182,0.228571429
Kyle Lodise,A+,CHW,22,111,525,418,96,20,90,77,92,141,42,0.229665071,0.379770992,0.440191387,0.37590466075726137,118.36365617948958,0.175238095,0.268571428,0.210526316
Ryan Wideman,"A,A+",SDP,22,109,501,451,129,6,73,59,34,103,65,0.286031042,0.35,0.405764966,0.3480541969537735,95.07474835436385,0.067864271,0.205588822,0.119733924
Colin Yeaman,A+,BAL,22,103,406,328,65,3,39,30,55,111,25,0.198170731,0.333333333,0.262195121,0.2982098746359052,69.62017181313259,0.13546798,0.273399014,0.06402439
Cobb Hightower,"A,CPX",BAL,21,18,71,67,23,2,7,11,4,10,1,0.343283582,0.38028169,0.47761194,0.3978951162015888,123.39981957384917,0.056338028,0.14084507,0.134328358
Diego Tornes,CPX,ATL,17,30,124,112,22,0,11,15,8,27,8,0.196428571,0.274193548,0.303571428,0.2837270354070971,47.12466867800723,0.064516129,0.217741935,0.107142857
Slade Caldwell,A+,ARI,20,104,465,375,81,6,64,36,75,129,26,0.216,0.362850971,0.309333333,0.32795299544478906,88.0438451461059,0.161290322,0.277419354,0.093333333
Bryce Rainer,"A,A+",DET,20,106,478,404,105,19,69,72,69,171,17,0.25990099,0.368200836,0.465346534,0.3779670863531421,120.40731961383742,0.144351464,0.357740585,0.205445544
Cris Rodriguez,"A,CPX",DET,18,56,230,207,59,12,42,39,19,77,8,0.285024154,0.352173913,0.570048309,0.4106740425462308,122.54632809486691,0.082608695,0.334782608,0.285024155
Wyatt Sanford,"A,A+",PIT,20,77,363,291,82,19,77,44,52,111,33,0.281786941,0.416666666,0.546391752,0.42846982462538613,143.84407872047072,0.143250688,0.305785123,0.264604811
Johan De Los Santos,"A,CPX",PIT,17,52,231,200,54,3,55,19,27,24,39,0.27,0.360869565,0.38,0.3601497784904812,95.91694275383344,0.116883116,0.103896103,0.11
Darell Morel,"A,CPX",PIT,18,42,169,136,24,3,20,17,26,49,8,0.176470588,0.325443786,0.338235294,0.3293060804965228,75.96917919716009,0.153846153,0.289940828,0.161764706
Tyson Lewis,"A,A+",CIN,20,103,463,422,109,11,56,48,29,146,21,0.258293838,0.312364425,0.402843601,0.32755636677566163,83.15122153499094,0.062634989,0.315334773,0.144549763
Ty Southisene,"A,A+",TOR,20,77,368,300,90,1,67,39,47,45,34,0.3,0.419178082,0.38,0.38777847077748545,123.13894328611742,0.127717391,0.122282608,0.08
JD Dix,"A,A+",ARI,20,105,486,413,104,12,83,53,58,124,36,0.25181598,0.353305785,0.416464891,0.3519260885794301,99.79587538313413,0.119341563,0.255144032,0.164648911
Eric Hartman,"A+,AA",ATL,20,128,583,498,124,26,95,74,69,146,56,0.248995983,0.349914236,0.455823293,0.3602801751517922,114.83069699922243,0.118353344,0.250428816,0.20682731
Nathan Flewelling,A+,TBR,19,106,486,403,98,21,68,67,71,132,8,0.243176178,0.36419753,0.451612903,0.3690800052366139,112.25664243067688,0.146090534,0.271604938,0.208436725
Kellon Lindsey,"A,CPX",LAD,20,66,312,245,72,13,61,32,56,84,20,0.293877551,0.429967426,0.526530612,0.430233523783544,141.41752244373882,0.179487179,0.269230769,0.232653061
Caleb Bonemer,"A+,AA",CHW,20,132,595,487,122,37,100,92,84,161,17,0.250513347,0.379831932,0.550308008,0.4033606309713843,139.48642243204236,0.14117647,0.270588235,0.299794661
Owen Carey,"A+,AA,CPX",ATL,19,94,397,353,86,10,56,55,34,85,7,0.243626062,0.322418136,0.407932011,0.32992700305333367,95.35055035378782,0.085642317,0.214105793,0.164305949
Andrew Salas,"A,CPX",MIA,18,72,289,245,49,9,39,34,39,76,14,0.2,0.3125,0.35510204,0.31928386104603607,75.28065308050493,0.134948096,0.262975778,0.15510204
Nate George,A+,BAL,20,20,94,82,24,1,18,8,10,18,15,0.292682926,0.372340425,0.365853658,0.3475955160374337,99.67924041310317,0.106382978,0.191489361,0.073170732
Juan Sanchez,A,TOR,18,94,402,357,76,7,58,43,33,102,12,0.212885154,0.2960199,0.341736694,0.30306558437015285,70.14635805545694,0.082089552,0.253731343,0.12885154
Alex McCoy,"A+,AA",SDP,24,123,541,475,132,19,74,71,50,142,24,0.277894736,0.354898336,0.467368421,0.36867605569186035,112.21342049150755,0.092421441,0.262476894,0.189473685
Chase Harlan,"A,A+",LAD,19,86,396,332,99,14,63,66,51,82,1,0.298192771,0.402531645,0.509036144,0.4098605122747301,131.66393771195249,0.128787878,0.207070707,0.210843373
Liberts Aponte,DSL,CIN,18,33,150,111,39,2,24,18,30,25,11,0.351351351,0.493333333,0.513513513,0.49469387650489804,149.0710318693682,0.2,0.166666666,0.162162162
Devin Fitz-Gerald,"A+,AA",WSN,20,114,515,451,113,20,78,67,50,113,15,0.250554323,0.3385214,0.441241685,0.34885427147034076,107.03266174657165,0.097087378,0.219417475,0.190687362
Kale Fountain,A,SDP,20,14,63,55,10,2,13,7,6,17,4,0.181818181,0.285714285,0.327272727,0.2880471679899428,58.55593968018754,0.095238095,0.269841269,0.145454546
Sir Jamison Jones,A,WSN,20,66,266,225,46,10,27,40,27,71,1,0.204444444,0.294339622,0.364444444,0.31023638158474326,74.64373427410796,0.101503759,0.266917293,0.16
Luke Dickerson,"A,A+",WSN,20,118,527,413,90,13,88,54,106,159,26,0.217917675,0.377609108,0.389830508,0.3714022685047345,111.72807770410328,0.201138519,0.301707779,0.171912833
Tytus Cissell,"A,CPX",ARI,20,88,329,284,61,3,49,26,27,87,36,0.214788732,0.307692307,0.274647887,0.2880296936401954,56.43340693606295,0.082066869,0.264437689,0.059859155
Eli Lovich,A,CHC,20,105,431,363,71,9,53,43,59,144,14,0.195592286,0.314685314,0.32506887,0.3142240001605107,82.10046064318539,0.136890951,0.334106728,0.129476584
DJ Layton,"A,A+",BAL,19,118,490,388,97,8,83,55,92,152,45,0.25,0.400410677,0.396907216,0.3861125144693587,123.83538476918771,0.187755102,0.310204081,0.146907216
Ronny Cruz,"A,A+",WSN,19,118,523,460,107,15,76,68,52,121,52,0.232608695,0.321223709,0.395652173,0.32934898058269496,89.92143656641626,0.099426386,0.231357552,0.163043478
Jude Warwick,A,DET,20,108,446,392,84,10,65,51,44,125,15,0.214285714,0.301123595,0.357142857,0.31043752458658114,75.09381931600105,0.098654708,0.280269058,0.142857143
Ivan Luciano,"A,A+",ARI,19,97,428,354,94,12,60,60,60,90,5,0.265536723,0.375586854,0.443502824,0.3735971468994875,110.82054185253605,0.140186915,0.210280373,0.177966101
Kenny Fenelon,CPX,MIL,18,51,222,176,40,7,34,27,41,78,23,0.227272727,0.387387387,0.4375,0.38950311708020735,105.0285312895136,0.184684684,0.351351351,0.210227273
Brailyn Antunez,"A,CPX",MIL,18,92,409,344,104,16,76,74,45,118,23,0.302325581,0.406862745,0.529069767,0.4277980800937204,132.6440962992771,0.110024449,0.288508557,0.226744186
Dylan Fien,"A+,CPX",OAK,20,76,325,293,60,3,29,37,27,89,2,0.204778156,0.276923076,0.296928327,0.2721522745719323,37.26071644632511,0.083076923,0.273846153,0.092150171
Warren Calcaño,DSL,KCR,18,41,174,133,36,1,40,23,33,34,18,0.270676691,0.421052631,0.383458646,0.41584599018096924,105.49321768063919,0.189655172,0.195402298,0.112781955
Ramcell Medina,CPX,KCR,18,46,177,152,38,2,22,23,16,35,0,0.25,0.323863636,0.342105263,0.31861532919786195,64.73953068756143,0.09039548,0.197740112,0.092105263
Andreimi Antunez,"A,CPX",TBR,19,83,363,306,75,10,58,53,44,56,14,0.245098039,0.356353591,0.421568627,0.3719043022031942,100.95366203403017,0.121212121,0.154269972,0.176470588
Anderson Araujo,CPX,PHI,18,34,142,118,33,0,24,11,23,24,10,0.279661016,0.40140845,0.355932203,0.38499246600648046,102.39342816825479,0.16197183,0.169014084,0.076271187
Dayber Cruceta,DSL,PHI,18,43,155,122,24,1,26,20,27,28,11,0.196721311,0.361290322,0.262295081,0.34574786616909886,80.75719330852968,0.174193548,0.180645161,0.06557377
Elian Peña,"A,A+",NYM,18,112,516,432,110,8,82,50,70,118,30,0.254629629,0.368932038,0.37037037,0.35398333286866546,100.13260611138311,0.135658914,0.22868217,0.115740741
Josuar Gonzalez,"A,CPX",SFG,18,61,275,228,80,5,61,59,41,55,21,0.350877192,0.447272727,0.543859649,0.4483694351803173,145.65022643029445,0.149090909,0.2,0.192982457
Kevin Alvarez,A,HOU,18,99,443,387,101,11,69,57,44,82,17,0.260981912,0.343115124,0.428940568,0.36175476818536795,108.39113298815958,0.099322799,0.18510158,0.167958656
Dorian Soto,CPX,BOS,18,39,161,137,29,0,22,15,22,39,9,0.211678832,0.322981366,0.262773722,0.3063206246920994,52.00863184172236,0.136645962,0.242236024,0.05109489
Juan Cabada,"A,CPX",CHC,18,31,136,118,29,4,15,25,12,28,3,0.245762711,0.338235294,0.381355932,0.34317223990664764,90.30505812977071,0.088235294,0.205882352,0.135593221
Ayden Johnson,DSL,OAK,18,38,134,107,25,0,18,14,24,39,5,0.233644859,0.380597014,0.280373831,0.36267617122450874,84.91947016637998,0.179104477,0.291044776,0.046728972
Wilfri De La Cruz,CPX,BAL,18,51,188,145,32,2,37,20,39,44,17,0.220689655,0.390374331,0.317241379,0.3692631125450134,86.66571596415335,0.207446808,0.234042553,0.096551724
Maykel Coret,DSL,TBR,18,46,209,175,53,7,42,36,25,56,22,0.302857142,0.406698564,0.491428571,0.43131007246993947,121.69512932183528,0.119617224,0.267942583,0.188571429
Yorger Bautista,"A,CPX",SEA,18,81,347,315,84,10,48,58,27,92,12,0.266666666,0.32276657,0.434920634,0.34149807536979915,84.21083585048795,0.077809798,0.265129682,0.168253968
Warel Solano,DSL,TBR,18,44,192,163,40,1,31,23,22,42,12,0.245398773,0.34375,0.349693251,0.3505656657119592,77.90259109722888,0.114583333,0.21875,0.104294478
Brayan Cortesia,CPX,WSN,18,46,176,144,35,0,31,14,26,52,20,0.243055555,0.380681818,0.256944444,0.34663493084636604,81.35354552847451,0.147727272,0.295454545,0.013888889
Breyson Guedez,"A,A+",OAK,18,120,548,508,152,8,77,85,28,132,1,0.299212598,0.341864716,0.431102362,0.3482313402202151,88.3231322140341,0.05109489,0.240875912,0.131889764
Haritzon Castillo,CPX,MIN,18,5,21,17,2,0,2,0,3,9,3,0.117647058,0.285714285,0.117647058,0.2487940163839431,31.668669644910135,0.142857142,0.428571428,0
Jhoan De La Cruz,CPX,SDP,18,46,166,135,24,2,24,14,21,73,5,0.177777777,0.319018404,0.288888888,0.30779556043308937,60.30765375416924,0.126506024,0.439759036,0.111111111
Elorky Rodriguez,CPX,TEX,18,46,180,138,26,1,17,20,36,45,3,0.188405797,0.352272727,0.297101449,0.3316926065493714,70.85344575047615,0.2,0.25,0.108695652
Jhomnardo Reyes,"A,CPX",MIN,18,84,343,286,72,7,51,52,49,79,24,0.251748251,0.37026239,0.398601398,0.3709131423655474,105.15113648343522,0.142857142,0.230320699,0.146853147
Romeli Espinosa,"A,A+,CPX",PHI,18,64,262,227,47,1,35,26,19,59,4,0.207048458,0.289575289,0.277533039,0.28492043975697523,47.428860135670604,0.072519083,0.225190839,0.070484581
Harold Rivas,CPX,BOS,18,46,198,170,41,6,42,19,24,52,23,0.24117647,0.343434343,0.429411764,0.3644732288037888,84.66384908690443,0.121212121,0.262626262,0.188235294
Stiven Marinez,DSL,NYY,18,54,250,200,63,8,67,42,41,31,39,0.315,0.444,0.545,0.4702299075126648,134.356120584062,0.164,0.124,0.23
Marconi German,CPX,WSN,18,50,186,138,34,7,37,31,39,45,11,0.246376811,0.424731182,0.485507246,0.43123316444376464,128.8591342958467,0.209677419,0.241935483,0.239130435
Emmanuel Cedeno,CPX,TBR,18,53,243,184,41,1,54,21,49,28,17,0.222826086,0.398340248,0.309782608,0.37325450790373615,95.06244901474021,0.20164609,0.115226337,0.086956522
Sebastian Dos Santos,"A,CPX",STL,18,82,367,286,72,16,70,52,66,87,28,0.251748251,0.408719346,0.482517482,0.41594370931630564,132.70790928622137,0.179836512,0.23705722,0.230769231
Daniel Hernandez,CPX,WSN,18,28,84,79,15,0,4,8,4,13,0,0.189873417,0.238095238,0.215189873,0.23122839771565937,16.547756201165782,0.047619047,0.154761904,0.025316456
Hyun Seung Lee,"A,CPX",PIT,18,50,204,174,46,7,34,43,25,57,3,0.264367816,0.362745098,0.471264367,0.3857256796430139,109.44147493513474,0.122549019,0.279411764,0.206896551
Angel De Los Santos,"A,CPX",DET,18,75,309,273,76,9,60,39,27,64,30,0.278388278,0.352750809,0.435897435,0.3697122657569095,100.95856495175198,0.08737864,0.207119741,0.157509157
Yovanny Duran,"A,CPX",MIN,18,71,297,236,63,5,58,38,55,70,43,0.266949152,0.407407407,0.411016949,0.3989707360396514,118.3675410326132,0.185185185,0.235690235,0.144067797
Juan Rujano,CPX,STL,18,22,77,67,15,2,10,11,7,22,0,0.223880597,0.324675324,0.343283582,0.32978195726097403,68.21221212129599,0.09090909,0.285714285,0.119402985
Yilver De Paula,CPX,LAA,18,56,247,202,52,4,36,32,31,42,4,0.257425742,0.359504132,0.396039603,0.3576692598910371,88.20391139275281,0.125506072,0.170040485,0.138613861
Miguel Caraballo,CPX,MIN,17,43,166,131,30,5,26,19,25,49,15,0.229007633,0.365853658,0.41221374,0.37458264755039683,102.30445871164495,0.150602409,0.295180722,0.183206107
Juan Tomas,"A,CPX",CHC,18,55,233,191,48,6,37,26,40,72,8,0.2513089,0.379310344,0.424083769,0.3801637032422526,103.18883156142212,0.171673819,0.309012875,0.172774869
Luis Arana,"A,CPX",MIA,18,82,347,295,82,2,58,28,43,60,44,0.277966101,0.376811594,0.349152542,0.35759353119394055,100.84253054763016,0.123919308,0.172910662,0.071186441
Anthony Millan,DSL,HOU,18,44,176,131,34,3,26,31,38,34,19,0.259541984,0.420454545,0.389312977,0.4123852978433881,106.23162026921614,0.21590909,0.193181818,0.129770993
Junior Suriel,DSL,LAA,17,47,177,139,41,1,38,23,30,24,31,0.294964028,0.422857142,0.395683453,0.41899725811822075,111.20767264368385,0.169491525,0.13559322,0.100719425
Hector Ramos,CPX,BOS,18,12,52,42,8,0,3,6,8,15,6,0.19047619,0.307692307,0.261904761,0.2941853025784859,45.19412050532197,0.153846153,0.288461538,0.071428571
Jhorman Bravo,CPX,BOS,18,46,189,151,34,2,35,29,32,31,37,0.225165562,0.354497354,0.317880794,0.34130403699067535,71.65333986535045,0.169312169,0.164021164,0.092715232
Sebastian Blanco,"A,CPX",COL,18,81,361,301,83,4,65,48,41,82,9,0.275747508,0.373595505,0.401993355,0.36766154076276203,96.95638921594772,0.113573407,0.227146814,0.126245847
Elaineiker Coronado,DSL,TOR,18,32,129,89,28,2,24,15,36,13,5,0.314606741,0.515625,0.471910112,0.502853344194591,156.1682771285648,0.279069767,0.100775193,0.157303371
Cesar Acosta,DSL,NYM,17,44,176,144,39,2,28,30,30,47,5,0.270833333,0.397727272,0.458333333,0.41768783500248735,113.55587072729644,0.170454545,0.267045454,0.1875
Nauris De La Cruz,CPX,WSN,18,52,198,157,41,3,34,23,33,39,21,0.261146496,0.392857142,0.350318471,0.37633098966004896,98.02917453425435,0.166666666,0.196969696,0.089171975
Darwing Ozuna,DSL,OAK,18,54,212,178,56,3,39,28,21,36,7,0.314606741,0.415094339,0.438202247,0.4251640422164269,118.81039325149374,0.099056603,0.16981132,0.123595506
Andy Mata,DSL,DET,18,49,191,144,40,1,36,28,34,39,12,0.277777777,0.449735449,0.368055555,0.43568326461882817,123.79755546724319,0.178010471,0.204188481,0.090277778
Eliomar Garces,DSL,TBR,18,54,248,165,49,2,57,38,67,20,35,0.296969696,0.512396694,0.381818181,0.4826041565946311,150.2317756263414,0.27016129,0.080645161,0.084848485
Gabriel Davalillo,A,LAA,18,109,459,392,96,13,47,60,51,125,1,0.244897959,0.335511982,0.397959183,0.33477885168712734,84.3066950795227,0.111111111,0.272331154,0.153061224
Alexander Frias,"A,CPX",MIL,18,86,373,322,101,10,67,73,42,77,25,0.313664596,0.404825737,0.5,0.4174037601358147,130.3592529008029,0.112600536,0.206434316,0.186335404
Louis Andujar,"A,CPX",BOS,18,78,333,285,78,11,59,41,33,76,20,0.27368421,0.375375375,0.470175438,0.39631595930179675,117.49888056720776,0.099099099,0.228228228,0.196491228
Dax Kilby,"A,CPX",NYY,19,36,164,124,30,4,27,26,40,35,12,0.241935483,0.426829268,0.403225806,0.40430724439097615,129.4512057201306,0.243902439,0.213414634,0.161290323
Ethan Holliday,A,COL,19,33,152,122,32,9,29,32,23,43,1,0.262295081,0.394736842,0.557377049,0.4155172391941673,135.6356227313745,0.151315789,0.282894736,0.295081968
Kayson Cunningham,"A,A+",ARI,20,106,490,414,127,6,95,63,69,100,30,0.306763285,0.406952965,0.439613526,0.3911232404669857,123.82280084189465,0.140816326,0.204081632,0.132850241
Brady Ebel,"A,A+",MIL,18,115,538,416,105,10,79,71,105,114,40,0.252403846,0.412639405,0.40625,0.39856241582494684,123.96469327055257,0.195167286,0.21189591,0.153846154
Tate Southisene,"A,A+,AA",ATL,19,90,419,338,94,12,72,46,65,94,45,0.278106508,0.408114558,0.467455621,0.40798694848445266,138.59531248328273,0.155131264,0.224343675,0.189349113
Nick Becker,"A,CPX",SEA,19,86,365,277,66,5,75,35,70,122,46,0.238267148,0.407202216,0.375451263,0.3845432848151041,109.40971757871482,0.191780821,0.334246575,0.137184115
Truitt Madonna,"A,CPX",SDP,19,102,418,348,70,4,53,46,61,133,16,0.201149425,0.323741007,0.318965517,0.3092196216400293,71.06408635250726,0.145933014,0.318181818,0.117816092
Eli Willits,"A,A+,AA",WSN,18,114,538,430,114,14,102,75,95,113,62,0.265116279,0.405959031,0.462790697,0.4014110653364703,132.28863904886398,0.176579925,0.210037174,0.197674418
Gavin Fien,A,WSN,19,76,344,297,72,10,39,52,44,91,6,0.242424242,0.337209302,0.4006734,0.3495195229039636,98.05109240511806,0.127906976,0.264534883,0.158249158
Ty Harvey,"A,CPX",SDP,19,57,235,203,51,5,28,38,28,65,9,0.251231527,0.336170212,0.389162561,0.3344538409659203,83.65518106236117,0.119148936,0.276595744,0.137931034
Bruin Agbayani,A,NYM,19,13,64,53,13,0,13,8,10,8,3,0.245283018,0.375,0.320754716,0.34800215903669596,97.8477008493414,0.15625,0.125,0.075471698
JoJo Parker,"A,A+",TOR,19,108,496,404,109,13,85,73,80,117,28,0.26980198,0.399193548,0.460396039,0.3974413442563334,128.1232803185345,0.161290322,0.235887096,0.190594059
Steele Hall,"A,CPX",CIN,18,86,391,321,83,11,77,54,59,104,31,0.258566978,0.376923076,0.44859813,0.3818728520320012,99.71785593324421,0.15089514,0.265984654,0.190031152
Billy Carlson,"A,CPX",CHW,19,60,268,218,55,0,37,21,41,59,14,0.252293577,0.379699248,0.334862385,0.35673985019662324,100.58731214480471,0.152985074,0.220149253,0.082568808
Daniel Pierce,A,TBR,19,34,140,123,31,4,17,24,11,40,6,0.25203252,0.335714285,0.390243902,0.34639405948775154,100.23060290904357,0.078571428,0.285714285,0.138211382
Xavier Neyens,"A,A+",HOU,19,103,466,346,80,20,79,55,114,155,19,0.231213872,0.429184549,0.445086705,0.4174659889143424,137.2417747871434,0.244635193,0.332618025,0.213872833
Sean Gamble,A,KCR,19,112,487,413,84,7,62,46,57,126,38,0.20338983,0.315352697,0.30992736,0.31005336474086237,71.56722709216862,0.117043121,0.258726899,0.10653753
Jordan Yost,A,DET,19,83,378,314,79,4,61,31,51,53,18,0.251592356,0.368700265,0.353503184,0.352100434764943,99.93523080525648,0.134920634,0.14021164,0.101910828
Josh Hammond,A,KCR,19,110,487,437,125,5,69,39,46,94,25,0.286041189,0.353909465,0.389016018,0.35532065269387797,98.54031491438317,0.094455852,0.19301848,0.102974829
Michael Oliveto,"A,CPX",DET,19,44,170,144,41,2,19,21,26,29,0,0.284722222,0.394117647,0.409722222,0.3887773766237147,115.19312963965278,0.152941176,0.170588235,0.125
Slater de Brun,"A,CPX",TBR,19,35,154,116,33,0,28,8,24,23,23,0.284482758,0.461038961,0.318965517,0.40985185024026155,134.31980158427498,0.155844155,0.149350649,0.034482759
Jaden Fauske,A,CHW,19,118,538,436,109,4,83,48,94,125,46,0.25,0.388475836,0.360091743,0.37019200163259824,109.05880218664852,0.174721189,0.232342007,0.110091743
Cooper Flemming,A,TBR,19,116,518,447,133,11,84,79,51,89,16,0.297539149,0.379110251,0.449664429,0.3897201318574828,126.0469927982137,0.098455598,0.171814671,0.15212528
Ryan Mitchell,A,STL,19,107,496,386,89,13,81,51,100,164,41,0.230569948,0.389112903,0.365284974,0.3688806423977498,112.41522412076674,0.201612903,0.330645161,0.134715026
Dean Moss,"A,CPX",TBR,20,78,331,289,74,5,37,42,33,56,17,0.256055363,0.336363636,0.377162629,0.3406878568909385,94.85077248321805,0.099697885,0.16918429,0.121107266
Taitn Gray,"A,CPX",TBR,18,81,332,278,83,9,41,57,41,72,13,0.298561151,0.389728096,0.471223021,0.40088607573437185,131.25173082528715,0.123493975,0.216867469,0.17266187
Landon Hodge,"A,CPX",CHW,19,43,144,117,27,1,29,14,22,52,6,0.23076923,0.37062937,0.307692307,0.3467961737325975,80.62028816984524,0.152777777,0.361111111,0.076923077
Gustavo Melendez,CPX,PIT,18,42,157,111,19,0,20,8,41,41,5,0.171171171,0.414012738,0.216216216,0.3670758251931257,97.12232176440175,0.261146496,0.261146496,0.045045045
Aidan West,"A,CPX",LAD,19,34,140,124,39,4,18,31,11,37,3,0.314516129,0.378571428,0.5,0.394944760629109,115.32904189807083,0.078571428,0.264285714,0.185483871
Coy James,A,WSN,19,114,514,432,95,19,81,76,65,120,35,0.219907407,0.330739299,0.405092592,0.34740999990400173,96.79410636256983,0.126459143,0.233463035,0.185185185
Tim Piasentin,CPX,TOR,19,21,86,69,13,1,13,6,15,23,2,0.188405797,0.348837209,0.289855072,0.33486107338306514,77.2298270622697,0.174418604,0.26744186,0.101449275
Jaiden Lo Re,"A,A+,CPX",BAL,19,88,368,306,99,4,52,60,54,35,26,0.323529411,0.425068119,0.44117647,0.4144754648533439,134.71241520333174,0.14673913,0.095108695,0.117647059
Conor Essenburg,"A,A+,CPX",ATL,19,93,435,339,90,17,75,62,86,127,11,0.265486725,0.416091954,0.492625368,0.42143331012506596,145.05499950273915,0.197701149,0.291954022,0.227138643
Jack Wheeler,CPX,TEX,19,48,177,162,49,6,34,37,13,48,2,0.302469135,0.355932203,0.530864197,0.3922901099684548,105.25211186087024,0.073446327,0.27118644,0.228395062
Josiah Hartshorn,"A,A+,AA",CHC,19,125,562,450,128,23,90,112,91,109,17,0.284444444,0.407473309,0.517777777,0.4168416442293109,140.09234516344313,0.161921708,0.193950177,0.233333333
Jase Mitchell,CPX,HOU,19,43,160,101,17,0,30,17,54,47,9,0.168316831,0.4625,0.267326732,0.4133322685956955,124.20114524045884,0.3375,0.29375,0.099009901
Blaine Bullard,A,TOR,19,106,477,417,102,8,65,64,44,130,37,0.244604316,0.327731092,0.364508393,0.32757127485777204,84.75781795168488,0.092243186,0.272536687,0.119904077
Francisco Renteria,DSL,PHI,17,53,236,198,75,11,65,55,34,36,24,0.378787878,0.470338983,0.681818181,0.5219864563739046,176.34195896701172,0.144067796,0.152542372,0.303030303
Emanuel Luna,DSL,STL,17,9,33,24,10,3,9,9,8,6,0,0.416666666,0.575757575,0.875,0.6329189918257974,226.24580291566363,0.242424242,0.181818181,0.458333334
Carlos Carrión,DSL,STL,17,10,39,37,6,1,3,4,2,12,2,0.162162162,0.205128205,0.297297297,0.2362155822607187,11.08973298152681,0.051282051,0.307692307,0.135135135
Jeyson Horton,DSL,LAA,17,45,194,145,42,2,40,25,41,33,19,0.289655172,0.463541666,0.372413793,0.44520130784561235,125.41970162998722,0.211340206,0.170103092,0.082758621
Jean Paredes,DSL,TBR,17,46,196,145,30,0,35,10,49,41,22,0.206896551,0.408163265,0.248275862,0.37810263585071174,94.44708269475962,0.25,0.209183673,0.041379311
Edelson Cabral,DSL,ATL,16,50,204,157,37,2,30,22,39,41,13,0.235668789,0.397058823,0.343949044,0.38931672771771747,99.59592172940397,0.19117647,0.200980392,0.108280255
Angeibel Gomez,DSL,KCR,17,47,180,144,52,9,49,38,28,19,15,0.361111111,0.466666666,0.652777777,0.5081991739779211,155.58189247534742,0.155555555,0.105555555,0.291666666
Jose Manon,DSL,ATL,17,30,125,106,32,1,24,16,14,22,19,0.301886792,0.4,0.396226415,0.40387954711914065,107.49421278015632,0.112,0.176,0.094339623
Richard De Los Santos,DSL,COL,17,48,206,149,36,2,42,17,52,47,15,0.241610738,0.45145631,0.369127516,0.4371385287891314,121.19134979226287,0.252427184,0.228155339,0.127516778
Ricki Moneys,DSL,MIL,17,53,243,190,55,5,50,43,46,45,28,0.289473684,0.440329218,0.478947368,0.45267228628872846,126.1276011843749,0.189300411,0.185185185,0.189473684
Wandy Asigen,DSL,NYM,16,23,83,61,17,3,15,9,19,24,6,0.278688524,0.469879518,0.524590163,0.4832817488406078,149.13138727876984,0.228915662,0.289156626,0.245901639
Johenssy Colome,DSL,OAK,17,32,138,99,28,2,31,20,29,24,9,0.282828282,0.471014492,0.484848484,0.474740418403045,145.6986377301166,0.210144927,0.173913043,0.202020202
Angel Nuñez,DSL,CIN,17,50,219,171,50,5,47,39,41,32,24,0.29239766,0.430555555,0.47368421,0.4435732279110838,123.41738354877315,0.187214611,0.146118721,0.18128655
Jeancer Custodio,DSL,PIT,17,15,50,44,7,0,4,2,5,14,0,0.159090909,0.26,0.204545454,0.2548095917701721,24.344668607934025,0.1,0.28,0.045454545
Elian Rosario,DSL,TEX,17,46,222,175,44,8,40,54,29,32,3,0.251428571,0.387387387,0.44,0.4038672087428806,101.34959546630988,0.13063063,0.144144144,0.188571429
Victor Valdez,DSL,TBR,17,34,147,123,35,1,33,18,15,18,12,0.284552845,0.401360544,0.373983739,0.40111711641558173,106.92921687994786,0.102040816,0.122448979,0.089430894
Juan Rijo,DSL,SEA,17,51,219,174,54,3,42,29,36,48,9,0.310344827,0.433789954,0.477011494,0.44621415143687976,126.99119873216283,0.164383561,0.219178082,0.166666667
Joniel Hernandez,DSL,SDP,17,52,238,193,62,7,50,52,40,37,10,0.321243523,0.438818565,0.538860103,0.46559090151565485,131.9014461372204,0.168067226,0.155462184,0.21761658
Jose Luis Acevedo,DSL,BAL,17,4,15,13,2,0,2,1,2,4,0,0.153846153,0.266666666,0.23076923,0.2672300179799398,29.339345516829976,0.133333333,0.266666666,0.076923077
Santiago Solarte,DSL,MIA,17,52,209,174,59,10,51,47,27,55,42,0.339080459,0.449760765,0.597701149,0.48951985020386546,148.77243685217763,0.129186602,0.263157894,0.25862069
Wilton Guerrero Jr.,DSL,PIT,17,44,186,160,50,0,39,28,18,22,19,0.3125,0.391304347,0.3875,0.39447770624057105,103.68368716673982,0.096774193,0.118279569,0.075
Ariel Roque,DSL,BAL,17,49,192,150,34,1,25,22,30,57,8,0.226666666,0.37696335,0.36,0.37955266330878773,90.25865790705109,0.15625,0.296875,0.133333334
Randy Santana,DSL,DET,17,43,169,128,30,3,35,12,36,59,25,0.234375,0.414201183,0.359375,0.4035141272913842,89.43154828449839,0.213017751,0.349112426,0.125
Jaider Suárez,DSL,KCR,17,43,177,140,53,2,38,22,35,29,30,0.378571428,0.508474576,0.564285714,0.5213318143860769,167.2817653589469,0.197740112,0.163841807,0.185714286
Cleiner Ramirez,DSL,NYM,17,41,171,145,35,7,42,22,18,27,18,0.24137931,0.356725146,0.462068965,0.39072814182928434,98.93401094510826,0.105263157,0.157894736,0.220689655
Diego Frontado,DSL,MIL,17,44,205,152,44,10,43,46,37,29,15,0.289473684,0.445544554,0.532894736,0.46562869477980207,138.4433911669349,0.180487804,0.141463414,0.243421052
Samil Serrano,DSL,WSN,17,48,179,145,45,5,35,25,29,28,13,0.310344827,0.430167597,0.537931034,0.4588075110366225,130.46561248635362,0.162011173,0.156424581,0.227586207
Fernando Graterol,DSL,CHW,17,37,151,119,32,6,28,27,27,43,8,0.268907563,0.397350993,0.462184873,0.41392510142547406,104.26858049844819,0.178807947,0.284768211,0.19327731
Gregory Pio,DSL,SEA,17,47,206,167,46,3,35,27,36,33,18,0.275449101,0.398058252,0.419161676,0.4066215012837382,105.51772812457108,0.174757281,0.160194174,0.143712575
Ricky Duran,DSL,OAK,17,49,205,166,49,0,35,29,36,24,18,0.295180722,0.429268292,0.331325301,0.4098827178885297,110.52241385302098,0.175609756,0.11707317,0.036144579
Enmanuel Merlo,DSL,MIN,17,47,192,161,50,3,41,34,29,34,5,0.310559006,0.421875,0.428571428,0.4275000073636572,114.80718119460032,0.151041666,0.177083333,0.118012422
Pedro Gomez,DSL,BAL,17,39,151,116,22,4,15,20,26,41,2,0.189655172,0.36423841,0.353448275,0.3660310769081116,83.4225957567705,0.17218543,0.271523178,0.163793103
Garielvin Silverio,DSL,BOS,17,52,210,173,45,5,39,33,25,45,2,0.260115606,0.368421052,0.393063583,0.37879037571865976,90.9775487845631,0.119047619,0.214285714,0.132947977
Isaias Suarez,DSL,WSN,17,40,155,117,23,2,23,25,33,33,18,0.196581196,0.374193548,0.307692307,0.3645228028297424,79.32935607020781,0.212903225,0.212903225,0.111111111
Gabriel Rosario,DSL,BAL,17,49,191,144,36,6,29,22,36,36,1,0.25,0.421052631,0.444444444,0.4304284547504626,117.85165327197707,0.188481675,0.188481675,0.194444444
José Rodríguez,DSL,MIL,17,54,246,204,54,2,45,27,36,36,15,0.264705882,0.382113821,0.343137254,0.3774641180426125,90.62644938925534,0.146341463,0.146341463,0.078431372
Fabricio Blanco,DSL,TBR,17,8,34,18,5,0,5,3,16,4,7,0.277777777,0.617647058,0.277777777,0.5437599350424374,184.2929791267339,0.470588235,0.117647058,0
Albert Fermín,DSL,HOU,17,49,206,148,46,6,47,34,51,38,24,0.31081081,0.485436893,0.506756756,0.4873623159325239,146.89615744857895,0.247572815,0.184466019,0.195945946
Rubel Arias,DSL,LAD,17,48,202,158,38,3,32,29,37,37,11,0.240506329,0.383084577,0.373417721,0.3850099592659604,92.0597070894148,0.183168316,0.183168316,0.132911392
Juan Caricote,DSL,TOR,17,52,195,164,45,5,23,38,14,32,1,0.274390243,0.369230769,0.432926829,0.38991727553881134,99.46993722646056,0.071794871,0.164102564,0.158536586
Manuel Bolivar,DSL,DET,17,46,178,143,46,9,35,23,28,44,5,0.321678321,0.449438202,0.594405594,0.48433341313216643,150.18345108462077,0.15730337,0.247191011,0.272727273
Oscar Tineo,DSL,DET,17,46,182,147,35,0,24,24,24,42,7,0.238095238,0.359116022,0.292517006,0.3456874122222265,58.06864982813905,0.131868131,0.23076923,0.054421768
Starlyn De La Cruz,DSL,ATL,17,16,64,50,18,2,19,5,14,14,9,0.36,0.5,0.56,0.513074416667223,166.7171446291502,0.21875,0.21875,0.2
Sebastian Romero,DSL,CHW,17,52,207,173,48,11,38,54,18,61,7,0.277456647,0.391304347,0.537572254,0.43308374415273254,114.65946238925014,0.086956521,0.29468599,0.260115607
Angel Ramirez,DSL,WSN,17,38,129,107,23,4,18,12,22,28,11,0.214953271,0.348837209,0.392523364,0.3662546290907749,80.26862939921949,0.170542635,0.217054263,0.177570093
Luis Hernández,"A,CPX",SFG,17,74,326,289,80,8,51,54,31,67,6,0.276816608,0.349693251,0.467128027,0.3688333530001845,95.92329544429495,0.095092024,0.205521472,0.190311419