Team,Games,R,HR,OBP,SLG,IP,K,HR/9,ERA,WHIP
"Misiorowski Index",160,825,267,0.30233,0.40670,1381,1214,1.16935,3.74042,1.18851
"Juan Nation UndeGrom 🫡",160,1040,308,0.34223,0.43144,1381,1699,1.05906,3.67695,1.21045
"Meet The Pressmerlyn",160,1086,313,0.33075,0.43767,1381,1557,1.10407,4.06272,1.20400
"Wrecking Crews",160,923,269,0.32079,0.41520,1381,949,0.92714,4.03912,1.30964
"Bureau of Gleyber Statistics",160,1049,282,0.34209,0.42971,1381,1415,0.89293,3.33405,1.16131
"Look Out Bello",160,918,254,0.32388,0.42082,1381,1465,1.07098,3.87683,1.23939
"Five-cent head",160,1036,297,0.33038,0.44063,1381,1348,1.27950,3.76398,1.17874
"Prospects R Us",160,881,206,0.34137,0.41181,1381,1290,0.94301,3.42463,1.17306
"South Side Shitshow",160,981,269,0.32937,0.42737,1381,1444,1.22078,3.95505,1.23744
"Bryce Krispies👨‍🍳",160,1001,279,0.32502,0.41994,1381,1510,1.13370,3.51448,1.18608
"Si Se Fuentes",160,967,229,0.33088,0.39932,1381,1458,1.12577,4.20000,1.30928
"Ketel Corn",160,964,257,0.33715,0.42905,1381,1233,1.31496,4.28445,1.27964